historicalDataID,greenhouseID,date,time,VentLee,Ventwind,AssimLight,EnScr,BlackScr,PipeLow,PipeGrow,co2_dos,Tot_PAR_Lamps,Tout,Rhout,Iglob,RadSum,Windsp,AbsHumOut,Tair,Rhair,CO2air,Tot_PAR
1,1,2024-06-01,00:05,76,64,62,80,85,24,20,0.78706,131,7.6,96.4,101.8,23.2,0.8,8.78765,23.8,78.1,494,205
2,1,2024-07-22,00:10,56,51,37,55,85,29,30,0.36427,56,6.7,89.3,133.4,123.4,1.0,9.92792,24.0,88.1,493,214
3,1,2024-05-19,00:15,21,91,74,62,64,21,24,0.36111,12,9.4,98.5,30.9,34.2,3.9,8.21444,23.2,63.9,466,298
4,1,2024-05-18,00:20,36,65,21,29,92,26,24,0.55046,134,8.3,83.7,116.9,181.7,2.2,6.04791,18.1,97.9,495,137
5,1,2024-04-06,00:25,75,24,85,27,23,22,27,0.50411,54,6.9,94.6,16.0,21.0,2.3,8.35987,17.0,95.3,460,111
6,1,2024-10-01,00:30,40,85,22,75,93,24,22,0.35165,146,5.5,97.3,145.6,60.8,3.9,8.26133,23.7,81.7,450,48
7,1,2024-03-25,00:35,36,30,60,88,95,29,30,0.5817,89,8.9,90.8,63.9,176.9,3.6,7.02365,15.5,79.3,468,245
8,1,2023-11-11,00:40,26,79,38,25,52,23,27,0.28038,144,6.1,97.4,88.5,53.8,0.1,9.98829,18.1,96.4,456,50
9,1,2024-10-10,00:45,12,61,92,91,78,28,30,0.5531,6,7.5,93.3,127.1,196.9,0.1,7.45308,21.8,98.4,460,274
10,1,2024-02-12,00:50,71,76,100,2,29,28,21,0.20662,144,6.7,90.9,47.6,118.4,0.7,6.86822,18.3,65.8,477,155
11,1,2023-11-14,00:55,49,13,52,87,56,24,24,0.27582,49,7.8,87.6,145.7,183.6,0.4,6.92088,24.8,68.3,481,243
12,1,2024-08-22,01:00,0,39,47,86,8,21,22,0.29327,130,9.3,80.0,48.2,177.0,5.0,7.18272,16.8,69.8,450,22
13,1,2024-06-11,01:05,65,48,88,17,7,24,20,0.66629,12,6.0,96.5,11.8,46.1,3.7,9.06616,19.3,94.0,455,265
14,1,2024-05-16,01:10,30,72,74,82,29,20,23,0.39668,15,8.6,93.6,21.9,191.5,0.5,7.2217,24.5,68.8,450,119
15,1,2024-07-08,01:15,56,69,60,10,12,22,23,0.39514,141,9.0,84.9,16.0,144.7,4.4,6.32887,17.2,84.0,494,105
16,1,2024-02-24,01:20,11,71,22,25,67,29,29,0.16561,117,9.2,86.2,3.4,131.9,4.8,9.91549,16.9,68.5,467,88
17,1,2024-09-22,01:25,18,59,54,84,13,21,30,0.71005,123,6.2,93.5,121.8,4.0,1.2,7.92807,20.3,88.2,467,161
18,1,2023-12-13,01:30,4,47,26,22,39,28,21,0.66923,51,6.5,92.6,45.6,145.8,4.5,7.54842,16.2,66.4,483,297
19,5,2024-05-27,01:35,38,38,93,47,12,26,27,0.27669,80,9.1,88.5,114.7,59.9,3.7,8.64951,16.1,77.1,450,42
20,7,2024-03-26,01:40,34,25,25,62,48,26,25,0.69864,22,9.5,87.2,101.7,28.7,3.4,7.36901,22.4,85.4,488,24
21,1,2023-11-15,01:45,62,66,51,59,40,22,28,0.36463,118,6.5,81.1,127.4,52.7,0.9,9.64536,23.2,78.1,482,100
22,1,2024-09-28,01:50,91,100,68,75,34,27,24,0.32146,144,7.3,85.8,43.5,3.5,1.9,6.9097,21.6,92.8,476,14
23,1,2024-10-05,01:55,35,82,56,72,62,29,29,0.27237,62,6.8,94.0,120.7,96.4,0.0,7.07415,22.6,76.3,479,233
24,1,2024-02-24,02:00,73,55,29,12,71,23,29,0.30118,80,7.0,87.6,54.7,110.1,4.9,9.20685,18.4,96.5,482,266
25,1,2024-04-27,02:05,32,74,73,96,82,23,23,0.64069,100,6.3,80.8,124.3,27.9,4.4,6.4398,24.9,94.0,466,222
26,1,2024-04-09,02:10,10,71,61,74,97,21,25,0.73009,89,6.4,84.7,94.0,184.4,1.9,9.07822,18.1,97.7,459,16
27,1,2024-01-10,02:15,30,62,31,82,24,27,26,0.20236,116,8.2,82.1,42.2,141.1,4.7,9.0837,22.2,82.6,457,153
28,1,2024-07-04,02:20,23,98,98,97,45,26,22,0.6188,83,9.5,98.1,146.8,17.3,0.5,6.99548,17.5,79.8,479,273
29,1,2024-02-25,02:25,53,45,33,67,26,25,29,0.63429,95,6.5,81.1,139.3,162.9,0.4,8.03662,23.8,96.0,483,225
30,1,2024-02-17,02:30,43,96,61,18,46,23,26,0.61417,126,8.9,83.9,70.7,79.0,1.2,6.88859,20.0,68.1,491,134
31,1,2023-12-01,02:35,59,35,64,43,54,30,22,0.58344,133,9.4,95.5,93.2,43.6,0.5,8.53101,16.5,63.5,450,279
32,1,2024-01-21,02:40,49,33,35,6,86,22,30,0.91892,39,7.2,88.9,45.8,26.7,0.1,6.97209,16.1,70.9,491,266
33,1,2024-07-11,02:45,70,73,33,80,34,24,25,0.04423,20,9.2,89.8,129.0,25.1,4.2,8.33686,16.8,97.9,453,194
34,1,2024-02-15,02:50,60,15,57,72,75,24,28,0.7818,76,9.2,94.5,5.5,4.5,3.3,9.80269,20.9,79.0,455,83
35,1,2024-10-27,02:55,25,27,91,67,93,25,21,0.77185,48,8.4,94.7,117.5,189.0,3.2,8.79216,21.1,65.1,457,0
36,1,2024-09-01,03:00,51,40,52,75,28,23,28,0.24844,114,5.1,87.9,88.5,6.4,2.7,7.95202,19.1,66.1,492,280
37,1,2024-08-05,03:05,74,4,26,72,55,21,24,0.09283,49,5.7,89.4,51.4,172.8,0.2,6.32938,16.1,93.4,487,175
38,1,2023-11-21,03:10,2,86,41,3,83,30,27,0.80123,80,5.5,86.6,83.2,164.6,2.8,8.74608,15.1,95.9,464,171
39,1,2023-11-22,03:15,11,64,75,27,38,25,26,0.19048,110,9.7,90.6,82.8,0.5,4.8,9.45591,15.2,74.2,478,7
40,1,2024-01-16,03:20,76,60,75,25,65,30,30,0.56982,5,8.2,80.9,133.7,62.7,0.1,8.84796,19.3,70.3,453,68
41,1,2023-12-07,03:25,30,60,39,26,31,25,27,0.49145,14,6.8,86.4,6.1,196.5,0.9,8.6484,20.6,88.0,455,198
42,1,2024-02-02,03:30,0,95,85,27,21,24,20,0.60322,139,6.5,96.0,134.5,181.0,4.4,8.58817,15.8,77.1,454,280
43,1,2024-08-23,03:35,91,4,74,35,70,21,24,0.46802,43,5.4,94.8,106.6,27.4,0.1,8.37841,15.5,62.4,497,284
44,1,2024-06-01,03:40,70,29,67,3,6,20,29,0.29865,47,7.6,93.9,86.4,32.2,2.5,7.04527,16.1,79.3,495,14
45,1,2023-11-04,03:45,29,11,18,29,1,25,27,0.82659,29,9.6,85.8,114.7,4.1,3.3,8.91541,15.4,63.3,483,9
46,1,2023-12-13,03:50,98,88,63,100,62,21,22,0.60566,124,7.4,82.4,120.5,18.1,3.7,7.72462,24.5,78.1,489,288
47,1,2024-10-18,03:55,85,28,29,5,60,26,25,0.0392,93,6.5,87.5,45.1,132.5,4.5,6.96243,24.0,89.1,454,128
48,1,2024-07-31,04:00,54,84,7,84,40,22,23,0.74563,126,8.0,85.9,91.3,126.3,1.0,6.06613,22.8,90.9,470,270
49,1,2024-10-21,04:05,10,30,45,32,64,27,21,0.78504,125,8.8,94.8,96.7,52.3,1.3,9.77798,23.6,74.4,467,268
50,1,2024-02-18,04:10,85,97,74,42,2,20,21,0.66333,47,8.1,89.8,37.4,6.3,0.4,6.21967,17.7,81.7,464,129
51,1,2024-07-20,04:15,70,88,54,10,29,30,27,0.22683,8,5.6,88.0,75.5,58.3,2.2,7.71392,17.1,71.7,462,89
52,1,2024-09-02,04:20,2,63,67,35,43,24,27,0.62057,58,5.9,94.3,97.8,56.4,0.2,8.11105,17.7,93.0,477,15
53,1,2024-01-23,04:25,43,23,54,87,23,29,21,0.53248,67,5.2,84.9,134.7,143.8,4.2,9.27193,16.7,62.7,457,231
54,1,2024-08-04,04:30,32,100,17,0,68,25,24,0.44079,109,9.8,84.8,76.4,81.5,2.8,6.92461,19.6,95.6,450,130
55,1,2024-03-31,04:35,98,25,49,2,62,29,21,0.77158,78,8.3,81.7,124.4,42.3,2.3,7.01166,15.7,64.3,482,272
56,1,2024-10-19,04:40,5,60,53,85,67,26,20,0.3611,23,8.8,98.4,26.7,120.9,4.6,9.5396,22.9,65.0,463,124
57,1,2024-05-28,04:45,33,26,83,82,99,25,25,0.34976,31,9.3,98.5,97.4,35.4,0.9,9.89569,25.0,77.0,487,217
58,1,2024-09-19,04:50,37,27,90,9,34,28,26,0.26191,82,6.3,91.8,82.9,17.0,4.9,9.01103,24.7,89.1,495,231
59,1,2023-12-11,04:55,12,67,95,29,34,25,25,0.59,132,9.8,88.3,148.1,76.2,1.5,7.20056,22.6,68.2,461,243
60,1,2024-02-11,05:00,92,78,95,50,12,21,26,0.26166,150,7.4,89.8,110.6,48.9,2.0,6.62775,19.2,99.2,463,219
61,1,2023-11-09,05:05,59,61,46,28,49,28,29,0.34129,69,6.1,83.3,19.5,24.8,2.2,9.30885,15.3,87.0,481,32
62,1,2024-06-26,05:10,20,34,85,4,83,23,25,0.9816,109,8.9,83.8,67.1,192.6,3.9,8.44412,15.1,94.5,488,250
63,1,2024-06-02,05:15,60,23,6,99,57,22,22,0.8744,99,6.0,85.8,5.1,20.1,3.1,9.33626,22.8,92.2,487,187
64,1,2023-11-21,05:20,6,11,61,42,2,25,24,0.79471,20,6.7,87.8,27.0,76.4,1.2,6.86755,20.6,82.6,450,170
65,1,2023-11-05,05:25,24,80,93,54,59,20,27,0.97814,112,9.4,94.6,115.4,50.8,4.2,6.32338,17.9,78.4,455,284
66,1,2024-05-03,05:30,15,87,40,29,14,27,21,0.01858,91,5.8,80.4,87.3,175.4,0.8,8.2137,20.8,93.9,457,137
67,1,2024-07-08,05:35,58,81,3,22,71,22,29,0.21882,124,9.6,92.5,60.6,185.1,0.1,7.20434,17.0,77.3,452,195
68,1,2024-05-24,05:40,97,71,33,33,92,20,27,0.63709,33,7.0,87.1,8.6,137.2,1.0,6.45037,15.4,93.9,495,136
69,1,2024-06-03,05:45,18,66,27,80,44,26,25,0.80221,149,5.4,86.6,131.4,106.5,0.5,6.63173,24.9,86.5,472,266
70,1,2024-05-02,05:50,27,78,41,36,6,29,24,0.24129,20,8.3,95.3,64.2,156.9,0.3,9.86702,24.4,71.8,470,201
71,1,2024-06-20,05:55,19,92,91,30,66,21,29,0.58387,90,9.2,95.7,42.3,93.1,4.2,7.87193,17.2,81.2,453,246
72,1,2024-06-27,06:00,23,41,71,44,23,28,27,0.84191,98,8.7,82.1,130.0,172.8,4.2,9.26844,17.4,68.8,478,295
73,1,2024-01-06,06:05,31,82,98,6,97,29,28,0.79181,111,6.0,81.7,114.7,120.4,4.5,6.34035,15.6,66.0,456,18
74,1,2024-08-06,06:10,49,59,44,41,74,21,23,0.28419,98,6.5,97.4,133.5,67.4,4.6,7.11628,15.6,61.6,469,2
75,1,2024-04-11,06:15,22,44,28,31,64,28,26,0.61583,99,7.3,96.0,100.7,63.3,1.2,9.81056,17.5,72.7,483,255
76,1,2023-12-04,06:20,68,61,58,26,98,27,22,0.65587,150,9.2,92.8,9.3,41.3,0.1,7.38745,18.2,70.3,487,261
77,1,2024-06-14,06:25,10,87,75,60,81,22,28,0.90702,66,5.7,94.0,73.2,149.1,2.9,6.46869,17.8,66.8,493,167
78,1,2024-01-02,06:30,67,61,63,22,24,24,29,0.13417,22,8.5,93.4,94.9,24.2,4.2,6.14362,23.3,86.0,483,174
79,1,2024-09-27,06:35,68,55,99,60,87,25,21,0.28309,130,6.1,85.8,82.3,103.2,0.3,7.22676,23.3,91.8,469,259
80,1,2024-05-02,06:40,66,48,38,73,16,26,24,0.18522,33,7.9,85.8,140.1,91.8,3.2,7.31781,18.7,92.1,454,13
81,1,2024-07-01,06:45,36,1,72,88,50,22,28,0.51176,147,8.4,95.4,97.0,13.9,3.5,9.80619,21.7,66.9,454,37
82,1,2024-04-24,06:50,37,52,79,10,63,30,25,0.96489,13,5.4,97.3,40.0,185.3,1.8,7.93596,20.6,60.6,486,182
83,1,2023-12-21,06:55,26,49,40,10,59,24,23,0.14502,100,7.3,96.2,88.2,13.9,1.4,7.72646,16.4,87.9,491,59
84,1,2024-07-24,07:00,60,12,72,19,90,28,21,0.70426,92,9.5,97.5,32.8,105.3,3.7,7.76191,16.2,62.9,467,130
85,1,2024-01-04,07:05,62,3,54,75,75,20,25,0.06501,90,6.2,89.7,100.5,158.9,3.6,7.55195,18.9,77.3,469,96
86,1,2024-04-27,07:10,92,53,38,13,20,25,24,0.52076,128,6.1,83.7,3.7,55.0,4.5,7.68476,23.6,61.6,469,44
87,1,2024-08-15,07:15,68,56,11,43,86,23,26,0.72805,16,9.9,85.6,145.8,42.0,4.6,8.81113,20.7,81.3,458,104
88,1,2024-05-04,07:20,52,7,28,19,24,30,21,0.75195,43,9.8,93.7,147.7,39.5,2.3,7.63722,20.6,72.2,451,253
89,1,2024-03-05,07:25,39,66,7,90,29,30,22,0.77246,131,8.7,82.0,79.7,34.7,1.1,9.53202,16.6,98.6,486,261
90,1,2024-03-01,07:30,89,86,55,61,31,29,26,0.17193,113,6.0,91.3,21.2,93.8,1.4,6.47492,19.7,80.2,465,240
91,1,2024-05-01,07:35,56,33,67,44,71,24,26,0.9568,129,7.6,90.3,46.5,71.6,1.8,9.91035,15.8,80.4,450,130
92,1,2024-07-27,07:40,53,89,92,94,94,27,26,0.98566,133,6.0,91.3,104.2,185.5,1.6,7.75518,24.2,83.8,481,47
93,1,2024-09-21,07:45,43,13,32,74,30,21,27,0.37857,16,6.4,88.2,142.5,87.3,0.0,8.24035,23.8,85.3,461,5
94,1,2023-11-19,07:50,73,52,46,42,6,21,21,0.07967,33,6.3,93.7,13.4,4.7,3.4,9.57447,17.3,75.5,480,257
95,1,2024-07-29,07:55,88,32,30,59,42,25,29,0.02324,81,7.4,81.2,147.3,72.7,1.9,8.27026,20.5,88.5,467,192
96,1,2024-08-18,08:00,83,99,79,70,44,27,26,0.91795,99,6.4,81.0,27.3,149.5,0.0,7.87243,23.9,82.1,479,202
97,1,2024-04-26,08:05,0,22,7,28,39,30,27,0.67651,23,8.5,85.1,67.8,169.0,3.5,7.60008,24.8,92.9,452,229
98,1,2024-01-07,08:10,30,40,59,95,91,24,30,0.33072,40,7.6,90.7,86.0,26.5,0.6,9.28618,17.7,69.9,454,62
99,1,2024-07-02,08:15,37,84,54,94,52,23,25,0.40834,119,5.7,83.1,72.1,63.2,2.7,6.34626,19.7,71.9,474,221
100,1,2024-07-27,08:20,58,25,94,46,61,23,27,0.20254,25,7.6,90.0,117.9,80.5,4.3,8.38415,15.3,96.2,462,8
101,16,2024-09-20,08:25,25,44,97,39,78,23,27,0.0665,125,6.8,95.9,116.6,31.4,3.0,8.06858,18.5,79.2,470,205
102,1,2024-05-09,08:30,83,49,12,35,62,25,20,0.42844,85,5.2,91.7,142.3,129.3,1.2,6.16872,18.3,71.9,468,58
103,1,2024-07-24,08:35,29,21,21,67,82,23,22,0.60044,9,7.9,96.4,145.0,47.2,3.2,7.7221,15.6,77.0,452,135
104,1,2023-11-05,08:40,56,43,12,93,87,26,28,0.70321,11,5.5,90.2,62.0,86.2,2.0,6.25359,24.4,96.2,464,35
105,1,2024-03-11,08:45,10,14,91,42,27,22,24,0.24712,100,7.2,89.2,83.6,66.8,1.1,7.95532,23.3,88.1,472,175
106,1,2023-12-03,08:50,40,33,86,13,40,20,28,0.57178,135,8.4,91.7,111.3,73.3,3.3,6.5081,20.6,63.4,497,103
107,15,2024-05-16,08:55,51,28,84,42,93,30,23,0.15262,128,9.8,90.3,74.9,68.1,1.5,7.66466,18.4,90.3,459,205
108,1,2024-04-05,09:00,68,18,45,75,70,25,30,0.7202,47,9.5,94.2,28.1,105.7,0.1,8.61762,16.8,95.7,485,192
109,1,2024-08-22,09:05,81,100,51,7,3,21,29,0.29339,21,6.7,90.8,0.7,74.4,0.9,9.66297,24.9,78.3,462,203
110,1,2024-01-05,09:10,90,98,72,14,95,24,26,0.38418,67,7.6,89.1,27.6,23.8,0.6,8.50318,22.9,78.2,470,237
111,1,2024-07-16,09:15,95,20,26,41,71,24,24,0.88396,21,8.9,88.3,97.0,19.1,3.5,9.72509,18.0,80.6,457,28
112,1,2023-12-26,09:20,75,68,30,8,51,27,23,0.40667,13,9.2,94.4,141.5,64.7,3.6,9.81567,20.8,80.4,495,135
113,1,2024-07-25,09:25,41,98,4,1,89,26,21,0.91141,5,8.6,96.8,65.6,133.8,3.5,9.08502,22.9,82.8,477,105
114,1,2024-08-07,09:30,86,60,5,72,38,27,27,0.8726,133,7.2,91.9,97.7,19.8,4.7,9.55361,19.3,93.8,495,118
115,1,2024-09-16,09:35,96,97,58,55,22,30,27,0.08485,57,5.6,96.8,126.1,181.4,3.1,9.04373,21.2,94.7,455,22
116,1,2024-05-16,09:40,100,48,65,38,94,27,27,0.6395,121,9.5,96.4,24.9,162.3,4.3,8.22989,21.1,76.0,480,25
117,1,2023-12-24,09:45,35,4,9,89,29,22,25,0.78642,53,5.2,91.0,76.4,68.2,4.0,8.41638,21.6,94.5,482,64
118,1,2024-02-27,09:50,45,85,71,0,54,25,23,0.688,114,6.0,96.0,18.4,35.0,0.6,7.64866,15.1,97.0,459,297
119,1,2024-03-29,09:55,27,53,89,79,90,29,25,0.75033,48,9.7,86.1,120.4,49.3,3.9,6.87227,23.1,91.5,485,7
120,1,2024-06-05,10:00,50,49,43,50,60,28,28,0.03745,50,7.7,84.3,59.7,196.7,2.4,6.184,17.6,92.3,464,27
121,1,2024-09-28,10:05,4,41,92,28,65,20,22,0.1113,78,6.8,94.7,24.9,168.9,1.8,8.21099,17.0,93.5,473,74
122,1,2024-05-22,10:10,91,48,79,83,100,28,22,0.70266,117,8.4,87.7,42.9,132.7,3.5,9.17459,16.1,70.7,456,8
123,1,2024-09-09,10:15,68,61,16,78,56,20,21,0.48292,117,7.5,98.6,78.3,175.2,3.3,8.72979,23.0,68.8,478,32
124,1,2023-11-27,10:20,85,96,62,68,50,20,26,0.88963,58,9.5,80.7,84.9,186.2,3.2,9.62652,19.1,76.3,469,52
125,1,2024-03-01,10:25,75,28,12,100,25,27,21,0.96822,145,7.1,85.3,73.9,10.0,1.6,7.49107,24.4,82.5,492,71
126,1,2024-06-25,10:30,75,15,53,97,78,21,27,0.70612,137,7.4,88.9,0.5,123.8,3.8,8.2978,21.6,70.7,487,8
127,1,2024-04-10,10:35,11,77,82,99,22,26,22,0.49609,136,5.8,84.2,1.3,82.8,3.2,9.17342,15.3,88.1,471,33
128,1,2024-02-24,10:40,93,6,73,85,52,26,25,0.9144,50,7.2,89.0,138.1,11.0,4.3,9.79217,16.4,99.7,498,281
129,1,2023-12-24,10:45,24,90,3,29,13,23,27,0.06224,112,6.8,90.4,60.8,111.4,4.7,8.99549,19.6,72.4,480,269
130,1,2024-06-19,10:50,22,56,60,52,55,28,24,0.26708,137,6.4,98.1,145.3,119.2,0.9,8.15631,15.2,66.2,492,160
131,1,2024-09-23,10:55,59,4,17,75,76,21,20,0.00372,85,5.2,98.7,117.6,113.2,3.0,9.06907,16.7,87.8,472,129
132,1,2024-08-14,11:00,9,31,60,96,75,20,30,0.90761,89,7.3,83.9,40.8,29.0,2.8,6.72944,20.6,86.7,473,164
133,30,2024-10-19,11:05,98,97,83,60,22,24,26,0.30769,74,7.1,93.5,46.0,38.4,4.8,8.80294,20.2,80.6,461,58
134,1,2024-03-01,11:10,81,86,3,73,31,26,26,0.33013,102,7.7,86.5,70.0,156.4,3.3,7.37116,22.5,86.3,487,292
135,1,2024-10-20,11:15,40,5,74,5,1,22,20,0.43156,113,6.7,96.2,81.3,193.5,2.7,9.12202,19.4,73.6,464,226
136,22,2024-05-01,11:20,78,0,10,60,44,30,21,0.80735,33,5.9,90.4,132.5,81.5,2.7,6.57352,24.5,89.6,455,212
137,1,2023-12-28,11:25,25,21,76,23,73,21,25,0.08416,97,8.5,98.4,57.0,3.4,1.1,6.35079,21.1,89.7,462,56
138,1,2024-09-05,11:30,64,95,22,89,23,29,24,0.89596,6,5.1,80.4,22.3,141.8,4.3,8.75021,19.6,98.3,483,136
139,1,2024-07-03,11:35,12,10,98,33,98,21,20,0.28432,42,6.0,88.4,114.0,36.3,4.0,6.33798,19.0,60.0,494,207
140,1,2024-01-25,11:40,5,43,40,52,87,22,26,0.48701,126,7.0,84.2,7.7,65.5,4.3,6.44843,23.7,98.3,466,39
141,1,2023-11-04,11:45,23,81,15,90,18,25,28,0.14554,17,8.1,97.5,90.3,42.8,4.9,8.99092,23.5,81.6,483,108
142,1,2024-01-18,11:50,89,38,51,61,19,25,26,0.32577,75,6.7,93.6,98.9,83.4,2.0,7.75906,24.7,95.9,500,284
143,1,2023-12-23,11:55,69,100,90,97,38,23,23,0.19402,79,8.3,86.4,12.8,52.6,3.4,6.0227,20.5,95.2,474,58
144,1,2024-08-20,12:00,50,6,25,55,40,27,21,0.83343,136,6.0,94.0,133.1,160.4,3.5,7.47011,22.5,68.3,466,87
145,1,2023-11-18,12:05,40,74,49,92,6,21,21,0.46793,117,7.9,96.1,17.1,154.0,1.1,7.73937,17.6,76.4,485,4
146,1,2023-11-25,12:10,37,86,22,76,88,25,28,0.88026,105,5.6,97.2,129.3,165.2,1.8,8.10844,20.1,73.0,470,231
147,1,2024-06-26,12:15,56,48,87,6,72,25,30,0.50697,26,5.0,88.8,142.9,185.2,2.7,8.15883,21.6,66.8,492,76
148,1,2024-01-21,12:20,4,88,38,44,61,20,21,0.16621,114,9.8,82.8,35.4,61.3,1.3,8.46327,23.9,74.9,468,284
149,1,2024-06-09,12:25,0,91,33,85,25,22,27,0.6829,33,7.3,91.0,16.8,177.6,4.5,9.4957,15.5,72.4,465,243
150,1,2024-08-22,12:30,50,79,30,94,7,30,21,0.62117,90,5.6,86.8,145.2,11.2,4.1,9.13741,24.2,60.3,477,127
151,1,2024-05-28,12:35,92,35,35,67,46,25,28,0.71849,49,8.0,86.9,15.7,69.1,3.2,9.17975,24.2,98.2,478,159
152,1,2024-08-12,12:40,49,9,74,83,78,29,26,0.37114,63,8.7,85.0,144.9,152.7,2.4,8.89554,18.1,60.8,499,219
153,1,2023-12-15,12:45,25,41,78,73,2,27,30,0.19239,140,7.0,86.6,119.7,88.7,4.8,8.90395,18.5,80.3,500,66
154,1,2024-01-24,12:50,81,47,64,67,0,30,30,0.56105,102,5.9,89.7,41.6,54.3,1.1,7.97012,22.9,91.5,487,122
155,1,2023-12-09,12:55,31,43,23,54,42,24,27,0.01165,149,7.8,94.0,53.4,1.9,3.7,8.73379,17.4,68.7,500,84
156,1,2024-08-23,13:00,77,66,15,53,95,29,25,0.71303,50,9.5,90.5,96.1,77.6,0.9,7.49059,22.4,65.3,456,127
157,1,2024-04-14,13:05,49,63,41,1,57,23,25,0.82995,106,7.8,84.6,146.0,55.0,3.9,9.24066,16.8,95.5,487,173
158,1,2024-02-05,13:10,7,77,95,91,84,29,30,0.35972,140,7.0,91.5,39.9,67.7,0.9,8.60374,21.1,76.9,477,254
159,1,2024-10-21,13:15,38,13,2,10,98,30,22,0.46391,73,7.4,90.7,138.1,172.0,4.0,9.70434,18.3,87.3,465,31
160,1,2024-01-07,13:20,94,88,74,89,67,29,20,0.95958,140,6.3,90.0,89.3,92.7,4.1,6.58043,23.5,74.4,478,140
161,1,2024-08-26,13:25,53,4,58,61,11,29,25,0.47137,63,7.3,97.4,36.8,50.4,3.6,6.65137,19.8,64.9,451,194
162,1,2024-10-02,13:30,32,20,64,89,82,22,21,0.06644,16,9.4,82.7,99.1,65.3,4.7,6.31587,16.7,96.2,499,6
163,1,2024-10-01,13:35,77,74,63,46,22,30,30,0.51746,84,5.3,92.1,99.9,107.7,2.2,6.64288,23.3,68.6,451,140
164,1,2024-10-31,13:40,10,26,62,3,24,26,26,0.84102,135,7.0,85.5,87.1,165.7,3.8,8.88268,16.9,89.0,495,192
165,1,2024-09-04,13:45,34,33,14,84,28,25,23,0.77538,125,5.0,85.8,25.7,88.3,4.0,7.41696,23.0,85.9,475,282
166,1,2024-04-24,13:50,62,27,46,43,47,24,30,0.17041,73,7.9,89.4,40.4,87.8,0.6,9.686,17.2,91.9,453,260
167,1,2023-11-15,13:55,0,35,84,38,22,22,29,0.63727,96,5.9,93.8,33.0,172.9,1.7,8.83448,25.0,75.9,486,127
168,1,2024-10-24,14:00,65,90,43,25,3,26,26,0.90269,128,8.4,96.3,84.0,100.0,4.4,8.86618,18.1,72.5,480,145
169,1,2023-11-13,14:05,4,9,75,36,96,22,21,0.96222,31,5.0,86.9,96.4,113.6,5.0,7.25836,21.4,91.0,467,264
170,1,2024-03-29,14:10,20,30,91,32,66,28,29,0.37134,75,7.0,92.7,49.9,53.2,2.0,9.49689,24.8,99.0,483,253
171,1,2023-12-09,14:15,26,25,89,39,50,21,25,0.08118,69,8.8,91.7,34.5,139.5,2.7,6.76602,18.5,97.9,450,147
172,1,2024-04-01,14:20,8,23,79,99,84,25,27,0.48703,63,8.8,97.8,138.8,79.3,1.1,9.17302,23.0,60.6,499,268
173,1,2024-01-07,14:25,89,18,78,66,62,28,23,0.82898,115,6.6,85.4,92.7,136.7,2.7,9.81196,18.7,94.4,494,124
174,1,2023-12-18,14:30,58,49,74,93,11,20,29,0.45641,47,9.2,81.7,75.7,30.1,0.5,9.96009,16.1,72.2,482,108
175,1,2024-04-06,14:35,72,3,21,2,56,21,30,0.04185,29,5.0,80.5,38.2,57.1,3.4,6.90123,15.8,63.5,466,235
176,1,2024-09-06,14:40,65,21,38,74,63,28,29,0.66878,89,7.0,89.8,107.5,65.6,0.4,8.06563,23.4,89.4,482,126
177,1,2024-07-21,14:45,38,56,34,84,22,23,23,0.99047,17,5.4,80.1,15.9,6.2,0.4,8.32644,23.8,73.1,483,94
178,1,2024-10-30,14:50,59,0,55,97,84,27,21,0.30741,131,7.5,97.6,143.1,169.9,2.4,8.00548,16.1,74.9,472,241
179,1,2024-08-04,14:55,32,74,74,83,56,30,23,0.5685,6,7.4,93.4,84.3,180.5,4.9,7.95086,16.2,93.9,476,175
180,1,2024-06-27,15:00,24,12,18,7,94,22,29,0.93009,110,6.9,84.3,68.6,72.2,0.1,8.40219,15.2,75.0,467,10
181,1,2024-08-08,15:05,37,22,71,15,18,21,26,0.56818,77,8.1,88.3,90.7,115.7,4.5,7.32327,18.1,81.1,498,243
182,1,2024-05-21,15:10,33,47,48,41,51,22,28,0.64735,128,9.7,85.2,37.8,53.3,3.6,9.60782,22.0,97.2,485,248
183,1,2024-10-31,15:15,56,62,99,36,96,24,20,0.39437,51,8.6,93.1,16.4,84.9,0.2,7.44356,23.3,81.3,463,238
184,1,2024-01-29,15:20,1,44,15,82,19,21,22,0.01747,138,7.2,87.3,16.1,69.7,2.3,7.23606,18.1,63.3,457,9
185,1,2024-03-27,15:25,80,56,93,51,80,24,26,0.69828,96,6.0,98.3,68.0,78.5,2.0,8.28331,19.1,72.8,488,206
186,1,2024-06-30,15:30,27,46,75,48,81,26,27,0.7766,12,5.4,85.0,141.8,105.6,0.8,8.13296,18.8,86.7,469,94
187,1,2024-09-04,15:35,32,99,88,65,23,29,22,0.29563,52,9.1,81.0,1.0,196.1,0.5,9.46838,15.8,65.7,494,0
188,1,2024-08-09,15:40,84,48,24,74,67,24,30,0.45655,42,6.2,94.5,13.8,32.3,2.5,7.7561,19.6,61.7,456,56
189,1,2024-08-29,15:45,35,41,13,60,89,22,29,0.20628,122,7.4,96.3,129.0,93.5,2.3,9.82835,20.0,78.9,461,25
190,1,2024-02-28,15:50,32,18,56,71,13,22,27,0.09861,79,6.8,80.5,53.5,30.5,4.7,9.07918,15.5,99.1,480,53
191,1,2024-07-14,15:55,26,2,33,34,69,22,24,0.11739,46,8.1,93.5,102.7,3.7,3.7,9.65203,24.5,84.1,484,138
192,1,2024-01-29,16:00,63,62,88,46,4,29,21,0.34677,11,5.0,83.7,37.0,47.1,3.2,8.47634,18.3,78.3,484,113
193,1,2024-10-12,16:05,2,37,15,12,39,20,29,0.14325,94,6.4,91.9,13.3,90.2,0.6,6.20435,20.9,98.8,458,93
194,1,2023-11-14,16:10,26,24,18,28,14,28,24,0.46308,62,7.7,88.5,128.2,115.6,1.7,9.3387,18.5,62.7,481,113
195,1,2024-03-14,16:15,39,36,74,77,36,24,25,0.07847,91,8.4,87.3,59.6,122.4,4.2,8.45146,20.6,96.8,468,132
196,1,2024-04-28,16:20,29,70,92,85,7,22,21,0.55966,107,6.9,83.4,71.9,159.5,4.9,9.42177,19.6,99.8,465,4
197,1,2024-01-09,16:25,38,1,22,64,30,20,25,0.2577,32,7.9,98.5,101.7,161.2,2.0,7.58494,24.5,82.8,472,252
198,1,2024-07-07,16:30,50,66,18,34,12,26,30,0.68876,86,8.6,92.9,31.9,82.7,3.2,9.19554,15.1,67.5,450,255
199,1,2024-09-13,16:35,50,3,3,37,69,28,28,0.1891,63,5.9,85.8,100.4,130.0,4.1,6.83536,25.0,78.4,471,149
200,1,2024-09-01,16:40,6,81,39,99,60,24,29,0.79464,86,9.0,94.4,86.8,7.8,1.7,9.21844,17.4,95.0,485,86
201,1,2024-04-16,16:45,14,76,77,97,4,28,30,0.7016,24,5.1,93.3,16.4,61.2,3.3,8.6048,17.3,78.6,467,36
202,1,2024-02-01,16:50,83,86,100,50,18,24,26,0.76199,27,6.6,89.6,48.3,22.2,2.6,6.80362,22.3,98.6,487,111
203,1,2024-07-05,16:55,30,11,72,29,15,22,22,0.23282,143,7.6,83.1,55.7,69.0,1.5,9.95982,15.3,91.8,456,62
204,1,2024-01-11,17:00,98,45,45,64,50,25,24,0.05693,131,5.4,93.3,118.8,93.7,3.4,6.43551,21.4,94.3,468,73
205,1,2024-07-30,17:05,68,0,34,36,80,20,26,0.00767,146,7.1,87.5,95.3,11.3,4.7,8.99404,22.8,79.2,492,60
206,1,2024-08-02,17:10,18,80,73,61,45,21,30,0.38761,147,7.0,97.0,50.6,168.7,3.6,8.28969,21.7,60.8,468,192
207,1,2024-04-27,17:15,37,38,17,45,92,22,30,0.84548,102,8.0,87.1,84.7,156.5,1.6,6.37148,22.4,68.2,459,36
208,1,2023-11-26,17:20,51,97,92,3,58,22,25,0.09836,7,8.3,80.4,78.1,162.1,1.0,7.38881,17.5,80.7,500,42
209,1,2024-02-13,17:25,58,92,66,100,31,28,25,0.69302,121,9.4,91.6,32.5,191.6,2.5,7.04893,19.2,79.4,466,256
210,1,2024-02-06,17:30,33,6,64,30,7,22,28,0.35665,9,6.4,90.0,138.8,98.2,0.1,7.25713,16.5,64.1,461,249
211,1,2024-03-28,17:35,64,7,47,83,50,21,25,0.88323,110,9.1,89.6,25.2,13.1,3.7,6.18617,24.6,66.8,480,6
212,1,2024-01-14,17:40,83,96,17,34,16,20,24,0.82939,97,9.7,85.9,39.2,0.9,3.4,8.75391,20.0,87.9,480,254
213,1,2024-08-25,17:45,54,18,74,17,24,23,27,0.23184,22,10.0,87.7,121.6,199.8,1.7,9.97776,16.4,95.8,500,105
214,1,2024-05-22,17:50,50,68,83,50,66,20,28,0.42006,139,7.6,83.9,114.2,71.6,1.3,9.33765,16.7,98.3,486,122
215,1,2023-12-24,17:55,13,99,79,71,49,22,27,0.99561,85,6.4,89.4,126.3,30.9,3.5,9.03763,15.7,90.6,488,168
216,1,2024-03-20,18:00,93,82,85,97,68,22,23,0.76858,67,9.5,89.5,43.9,198.6,4.1,7.38822,19.6,86.9,479,16
217,1,2024-08-18,18:05,59,73,25,56,64,27,29,0.81267,67,7.7,84.3,8.4,147.6,2.3,7.56557,23.3,74.6,487,299
218,1,2024-06-28,18:10,98,28,61,55,91,29,24,0.77251,117,9.8,94.1,95.3,190.8,2.3,9.45961,21.6,72.8,483,66
219,1,2024-09-30,18:15,0,45,13,40,50,20,29,0.3486,90,6.5,93.5,122.8,180.6,1.3,8.71353,15.7,98.9,487,35
220,1,2024-06-18,18:20,49,68,26,81,75,30,28,0.31181,58,7.0,86.7,60.3,144.7,0.5,8.24119,18.7,72.2,459,210
221,1,2023-11-13,18:25,77,6,0,1,17,22,27,0.37929,1,6.0,81.7,110.7,9.6,1.1,7.53868,21.4,72.2,468,247
222,1,2024-03-24,18:30,95,19,64,44,43,26,29,0.2444,48,8.0,86.4,149.5,64.1,4.8,8.20528,21.5,75.4,474,161
223,1,2024-04-19,18:35,72,64,32,32,75,28,26,0.29924,89,8.2,84.6,85.9,63.9,2.7,9.9212,21.8,92.6,496,16
224,1,2024-03-09,18:40,62,49,66,79,51,23,28,0.16052,106,6.8,84.7,24.4,43.2,1.4,9.92688,24.2,97.0,470,43
225,1,2024-07-31,18:45,95,65,86,11,39,24,20,0.87588,99,9.6,82.8,78.7,68.8,0.9,6.9193,21.1,90.9,450,296
226,1,2023-11-25,18:50,49,31,19,55,5,25,21,0.0764,45,5.4,83.3,139.6,104.3,2.2,8.78548,20.7,65.0,490,201
227,1,2023-12-29,18:55,76,4,68,41,71,28,30,0.3205,57,7.1,95.8,101.3,154.8,0.0,9.73156,17.2,86.0,472,10
228,1,2024-07-05,19:00,35,50,8,51,41,28,29,0.34844,1,10.0,98.0,30.6,185.3,0.1,6.13249,15.6,63.5,464,99
229,1,2024-06-24,19:05,79,22,2,22,76,23,28,0.7343,105,5.6,95.3,36.2,2.9,0.5,6.16004,24.2,85.2,462,168
230,1,2024-10-05,19:10,48,92,45,74,81,30,27,0.47872,115,7.0,94.2,41.2,118.8,4.0,8.28913,23.8,64.1,453,102
231,1,2024-10-20,19:15,43,92,29,70,8,22,21,0.07258,124,5.8,94.3,123.2,143.1,4.2,8.52935,19.3,79.3,450,65
232,1,2024-05-24,19:20,87,12,97,58,22,25,22,0.75502,53,7.4,96.9,119.7,124.5,0.2,7.21122,21.3,65.8,469,30
233,7,2024-08-26,19:25,29,18,31,93,5,26,24,0.77452,101,9.4,87.9,79.4,31.8,3.9,7.25095,16.0,65.6,467,182
234,1,2024-07-29,19:30,30,42,66,43,61,21,20,0.57442,108,9.0,94.2,129.8,75.4,2.3,6.82135,17.7,87.0,468,228
235,1,2024-09-25,19:35,83,73,37,100,30,22,29,0.46674,65,8.8,90.0,24.3,45.6,0.2,6.32824,16.1,99.2,477,135
236,1,2024-05-29,19:40,97,12,43,58,74,24,30,0.79312,118,8.1,88.6,147.2,31.5,1.2,6.86532,21.5,75.7,462,71
237,1,2023-12-19,19:45,1,61,12,27,96,30,30,0.80088,120,9.6,87.4,132.9,42.1,2.4,6.80067,22.6,80.1,473,55
238,1,2024-04-29,19:50,65,13,15,39,33,28,23,0.20295,7,9.2,87.7,42.2,159.3,4.5,9.69392,16.4,88.3,475,160
239,1,2024-07-22,19:55,63,32,49,54,30,26,21,0.15502,33,6.6,89.3,18.0,69.7,2.7,6.31731,23.3,94.1,450,63
240,2,2024-02-07,20:00,21,5,5,77,67,23,28,0.58033,69,9.4,87.4,87.6,113.1,2.7,9.89899,17.5,89.9,477,255
241,1,2024-06-14,20:05,70,99,6,41,43,20,20,0.34879,47,5.2,80.4,82.0,67.5,3.1,6.01082,18.3,83.2,454,151
242,1,2024-07-23,20:10,15,16,75,63,98,20,23,0.23912,51,8.7,86.2,136.8,48.8,3.1,8.30553,15.1,95.1,458,265
243,1,2024-10-05,20:15,7,77,31,13,62,29,26,0.0566,136,8.2,89.2,113.7,49.4,0.7,8.08703,21.2,78.4,472,231
244,1,2024-04-14,20:20,47,34,57,100,67,23,29,0.66281,89,6.0,86.3,82.9,21.9,2.4,9.64193,23.2,94.9,461,182
245,1,2024-10-07,20:25,57,19,87,36,92,21,28,0.20775,110,5.9,96.5,33.2,22.9,0.3,8.88288,18.7,77.8,475,46
246,1,2024-02-12,20:30,74,10,90,2,44,28,24,0.82821,68,8.8,98.5,114.1,167.3,2.9,8.47349,21.0,72.7,457,236
247,1,2024-08-20,20:35,77,59,11,78,44,23,30,0.29461,8,9.2,98.3,113.8,57.8,1.7,7.4451,19.9,97.3,476,62
248,1,2024-07-19,20:40,42,36,14,37,73,25,20,0.74641,50,8.3,92.7,126.0,40.7,2.1,9.44649,15.2,60.8,481,190
249,1,2024-05-06,20:45,75,87,77,6,34,21,24,0.38224,16,9.8,93.9,27.3,195.2,1.4,8.78724,23.0,79.2,451,219
250,1,2024-10-01,20:50,59,48,31,63,23,25,27,0.15986,76,7.0,82.4,121.6,156.7,3.1,6.96315,18.2,95.3,468,157
251,1,2024-09-18,20:55,40,65,49,12,34,28,29,0.9549,95,9.5,89.5,15.9,9.2,4.6,6.90978,19.4,67.1,478,131
252,1,2024-06-25,21:00,51,11,68,66,66,28,22,0.36035,37,7.7,91.9,39.0,178.9,1.2,6.56113,24.3,84.3,479,75
253,1,2024-10-17,21:05,1,41,92,14,31,28,23,0.4886,65,6.3,85.9,38.7,28.6,4.1,8.00501,21.0,68.2,455,29
254,1,2024-05-12,21:10,44,3,50,84,15,21,20,0.24902,60,9.1,83.1,130.9,21.1,1.2,9.35891,23.3,93.8,465,254
255,1,2024-07-12,21:15,24,53,4,4,99,25,25,0.34965,98,8.9,89.6,47.7,118.4,1.8,7.68166,24.9,92.4,476,248
256,1,2024-08-01,21:20,95,91,7,33,26,20,24,0.89961,108,7.2,86.4,27.0,4.3,4.6,9.90376,15.1,67.0,481,52
257,1,2024-02-03,21:25,56,57,75,43,71,21,30,0.43341,29,5.5,95.9,111.0,183.3,4.5,6.15558,20.5,88.1,462,168
258,1,2024-03-22,21:30,70,35,91,32,10,22,26,0.40016,124,6.1,86.3,47.1,27.8,3.2,8.49946,18.6,77.7,473,221
259,1,2024-06-24,21:35,9,25,11,51,21,26,30,0.17212,60,8.0,90.1,11.3,118.1,0.4,7.02665,16.9,65.2,461,67
260,1,2024-05-01,21:40,13,52,20,89,0,28,22,0.44998,117,5.2,82.1,82.4,124.4,1.2,7.28173,19.7,76.2,496,135
261,1,2024-02-16,21:45,67,88,5,18,89,21,27,0.22434,64,9.6,84.9,119.2,28.6,3.0,6.39473,16.1,67.8,486,233
262,1,2024-07-09,21:50,61,65,10,47,96,26,24,0.11853,71,8.5,83.4,121.2,36.8,2.7,6.24228,19.1,90.8,479,113
263,1,2024-07-27,21:55,10,18,36,40,57,22,28,0.89757,43,8.0,96.0,52.4,196.9,3.2,9.71903,15.3,85.6,451,239
264,1,2024-07-21,22:00,58,59,88,41,98,23,23,0.84518,87,6.1,80.1,23.8,16.5,3.9,8.78181,20.1,94.5,498,12
265,1,2024-10-07,22:05,90,77,98,78,92,27,30,0.49431,59,7.9,82.8,108.7,2.2,1.4,7.69631,19.0,60.9,498,42
266,1,2024-05-16,22:10,8,48,26,8,42,20,22,0.88761,54,9.3,88.4,146.6,74.4,4.8,6.6507,25.0,70.0,450,254
267,1,2024-02-01,22:15,22,74,23,72,86,23,28,0.27859,108,7.1,84.0,47.8,12.1,1.6,7.21869,18.5,97.2,473,23
268,1,2023-11-18,22:20,22,36,63,2,90,23,20,0.42406,140,8.4,97.7,17.3,33.2,3.0,8.40573,20.2,72.4,496,120
269,1,2024-03-27,22:25,45,52,54,25,19,29,23,0.23089,134,6.2,97.1,142.5,33.5,4.7,9.34676,23.8,77.9,454,263
270,1,2024-05-25,22:30,85,52,48,52,8,20,29,0.5969,85,9.0,85.8,147.9,122.2,1.4,9.31202,24.6,74.6,464,140
271,1,2024-10-05,22:35,65,79,55,88,83,24,28,0.5542,56,5.7,82.6,2.5,96.7,3.5,6.57907,16.4,83.7,492,102
272,1,2024-08-01,22:40,54,94,38,23,86,27,29,0.73253,100,7.1,85.2,127.8,39.4,1.8,7.28041,18.2,60.0,482,20
273,1,2024-03-27,22:45,30,86,5,77,41,23,29,0.00138,102,9.5,80.5,49.1,47.2,3.8,8.70796,20.0,70.1,477,299
274,1,2024-01-07,22:50,96,13,24,11,54,26,29,0.6631,140,8.6,94.1,56.2,21.8,1.0,9.49696,22.1,79.8,469,9
275,1,2024-01-18,22:55,76,41,14,47,80,29,30,0.05834,49,8.5,93.6,102.7,81.2,1.3,7.87628,18.9,95.7,455,7
276,1,2024-01-18,23:00,71,16,31,82,3,29,22,0.7703,52,5.4,95.4,141.0,186.4,4.1,6.56047,16.9,90.0,496,100
277,1,2024-06-03,23:05,25,60,17,9,78,29,25,0.72661,65,6.2,92.3,4.2,157.9,2.6,9.27975,18.5,98.3,500,130
278,1,2024-04-30,23:10,37,56,45,37,29,27,29,0.85255,127,6.8,95.2,64.7,61.5,3.2,9.89382,24.5,97.4,480,209
279,1,2024-09-01,23:15,38,17,33,79,72,29,21,0.30478,44,8.4,98.3,82.9,194.8,1.5,6.36293,16.1,95.5,488,177
280,1,2024-07-28,23:20,38,62,19,66,84,30,28,0.24205,138,7.5,88.8,34.4,169.4,0.0,7.04464,19.9,91.8,464,218
281,1,2024-06-13,23:25,88,64,61,68,53,26,22,0.4255,47,9.0,85.7,107.8,141.1,3.5,6.95053,18.1,88.2,493,287
282,1,2024-05-16,23:30,71,55,52,78,65,24,26,0.52834,34,7.7,81.7,142.8,115.9,1.0,9.39304,19.9,96.8,471,55
283,1,2024-09-14,23:35,25,6,22,61,54,22,25,0.79028,6,5.5,96.3,103.2,67.8,2.3,6.18355,20.2,78.2,482,228
284,1,2024-02-05,23:40,39,49,5,9,85,25,23,0.27216,82,6.7,81.7,85.4,194.3,3.8,9.16634,17.7,68.2,471,182
285,1,2024-09-20,23:45,2,52,21,48,55,23,20,0.81575,101,5.1,96.0,112.9,148.3,1.2,6.79764,21.5,64.4,492,224
286,1,2024-09-07,23:50,18,34,24,29,2,26,24,0.21682,58,9.1,90.5,86.7,148.4,3.4,7.30168,18.1,88.7,485,66
287,1,2024-04-14,23:55,13,67,54,76,30,29,25,0.05953,7,5.1,91.9,17.3,106.4,1.5,7.09383,23.5,64.2,474,167
288,1,2023-11-29,00:00,35,50,67,1,100,30,27,0.09468,148,9.3,86.9,50.2,96.1,2.4,8.46826,19.9,73.5,453,233
289,1,2023-12-13,00:05,40,22,53,36,100,22,29,0.00073,147,9.6,87.4,86.5,60.2,2.6,7.75733,15.3,92.4,451,112
290,1,2023-12-30,00:10,51,71,34,94,28,27,29,0.6769,5,9.0,91.9,0.4,147.7,2.8,9.86914,15.4,87.2,455,180
291,1,2024-09-19,00:15,1,34,25,50,53,20,27,0.25469,90,7.8,80.5,141.2,82.6,3.8,8.74985,21.3,95.6,492,199
292,1,2024-07-04,00:20,86,3,34,87,62,29,21,0.82907,116,7.9,88.7,111.0,24.0,2.7,9.47678,17.1,93.6,480,66
293,1,2024-04-30,00:25,87,74,71,76,3,29,20,0.4535,118,6.2,88.6,140.3,96.6,1.2,6.42425,16.9,89.9,481,98
294,1,2024-08-24,00:30,92,39,39,77,98,30,26,0.06708,7,8.7,91.7,72.5,74.1,1.1,6.43128,15.5,61.6,480,151
295,1,2024-02-10,00:35,24,93,21,29,5,30,20,0.75647,48,6.6,85.5,80.3,91.9,0.2,9.38468,22.2,94.7,498,13
296,1,2024-10-10,00:40,3,4,0,46,94,30,21,0.75676,40,6.0,96.0,12.2,159.0,4.3,7.40715,23.9,99.8,453,96
297,1,2024-06-19,00:45,5,79,74,86,37,23,23,0.26615,67,5.4,96.0,25.0,71.7,1.7,7.75794,24.2,88.9,476,52
298,1,2024-09-14,00:50,61,5,72,65,51,22,29,0.1622,88,6.9,90.9,131.3,117.2,2.9,6.03761,17.5,79.1,483,113
299,1,2024-10-18,00:55,94,14,85,38,89,29,27,0.13472,62,6.8,95.7,87.3,188.4,1.7,7.20908,20.1,94.7,484,189
300,1,2023-12-16,01:00,28,5,11,74,48,21,25,0.07058,17,5.1,96.2,37.9,23.9,0.1,9.7354,23.4,77.8,498,21
301,1,2024-07-14,01:05,11,41,22,90,1,29,24,0.33011,79,9.4,91.4,143.6,164.6,2.8,7.26835,15.9,76.6,473,185
302,1,2023-11-16,01:10,74,91,83,84,74,30,21,0.0541,17,7.7,81.5,140.5,195.8,4.7,6.95711,18.5,60.3,473,287
303,1,2024-02-09,01:15,4,4,36,27,15,20,24,0.21035,83,8.6,89.8,101.3,83.9,1.3,9.91895,15.8,65.5,495,83
304,1,2023-11-28,01:20,46,41,76,3,100,25,21,0.89458,140,9.4,83.1,34.5,138.0,1.5,9.19438,24.5,91.4,460,196
305,1,2024-06-16,01:25,24,98,89,58,0,21,21,0.47861,9,7.1,80.9,122.5,89.9,1.2,9.63378,22.4,90.2,493,6
306,1,2024-07-01,01:30,37,50,82,33,42,23,20,0.0801,144,5.5,98.5,83.7,3.2,4.2,9.78442,19.5,92.1,452,86
307,1,2024-07-16,01:35,15,78,25,95,36,28,28,0.98465,85,8.3,85.9,92.3,186.9,2.6,9.34717,23.0,67.4,461,41
308,1,2024-11-01,01:40,58,6,8,9,44,20,27,0.79916,147,9.8,83.4,109.8,68.4,4.5,9.71366,19.9,69.1,482,183
309,1,2024-10-12,01:45,96,94,73,57,2,30,23,0.42517,133,5.5,98.9,5.2,139.8,0.3,7.77121,24.6,65.5,471,35
310,1,2024-07-21,01:50,88,57,67,72,83,24,22,0.86232,141,9.0,94.2,87.7,131.4,2.5,9.42163,16.6,88.0,484,134
311,1,2024-06-27,01:55,7,61,58,4,16,25,23,0.74895,90,6.0,91.8,136.5,149.0,2.2,9.52202,15.3,99.5,497,295
312,1,2024-06-03,02:00,0,72,5,84,55,24,27,0.55913,65,5.8,92.2,87.7,57.0,4.4,7.07849,15.3,96.7,473,287
313,1,2024-01-28,02:05,14,57,84,52,84,27,28,0.12582,90,7.7,83.6,82.3,66.0,2.1,9.7413,21.3,89.5,466,54
314,1,2024-03-12,02:10,76,18,73,43,82,27,24,0.97092,33,9.6,96.1,112.0,1.7,1.0,9.52572,21.4,84.8,474,39
315,1,2024-04-23,02:15,56,37,30,64,76,24,28,0.13817,92,9.8,85.6,17.7,158.2,1.4,8.4257,21.7,90.1,481,289
316,1,2024-09-10,02:20,79,25,53,43,26,24,20,0.85718,91,8.6,91.5,45.3,194.9,2.8,7.38944,24.8,64.1,468,180
317,1,2024-02-19,02:25,66,41,32,88,32,29,28,0.89198,75,9.2,83.3,54.1,5.4,4.5,6.19419,24.6,70.4,485,272
318,1,2024-05-22,02:30,85,34,91,60,68,28,25,0.75171,91,9.3,82.1,34.3,16.3,3.5,7.86267,20.4,61.3,495,52
319,1,2024-06-02,02:35,26,4,67,33,87,29,22,0.45626,102,8.1,98.7,131.3,17.3,3.2,7.81946,18.7,87.8,470,145
320,11,2024-05-08,02:40,97,79,59,21,64,23,25,0.48418,93,8.8,95.4,53.1,169.3,3.6,8.42722,18.2,90.9,474,20
321,1,2024-08-07,02:45,12,77,91,71,31,25,29,0.02254,144,7.1,90.4,57.4,124.1,4.5,6.06524,15.6,77.9,457,52
322,1,2023-11-09,02:50,62,56,45,23,29,25,21,0.08404,114,7.0,98.0,107.5,69.3,3.4,6.99815,24.2,79.1,478,252
323,1,2024-10-20,02:55,98,69,20,93,52,20,27,0.05297,101,7.0,89.2,53.9,101.5,1.7,6.93487,20.4,86.8,483,114
324,1,2024-10-11,03:00,18,85,55,13,32,27,28,0.36187,45,9.0,96.5,22.5,74.8,2.1,6.02427,21.8,74.4,499,193
325,1,2024-03-01,03:05,85,58,43,70,86,23,26,0.74492,15,5.8,91.6,61.5,153.2,1.6,7.94512,19.4,64.0,488,267
326,1,2024-02-29,03:10,67,73,13,72,55,25,30,0.88483,119,8.7,84.3,56.5,43.5,3.3,8.65731,21.4,73.7,451,124
327,1,2024-08-23,03:15,93,39,53,26,90,21,30,0.49426,23,6.1,91.5,109.1,154.9,0.4,6.08293,24.8,68.0,460,21
328,1,2023-12-29,03:20,60,59,37,21,94,30,24,0.1631,65,5.3,83.7,99.8,23.3,3.0,6.56026,15.6,77.2,488,194
329,1,2024-10-15,03:25,58,51,23,88,20,25,24,0.29725,34,5.1,89.0,121.0,26.9,4.3,9.7184,23.9,80.9,462,252
330,1,2024-07-16,03:30,23,6,20,39,37,21,28,0.42472,128,9.0,96.2,67.1,92.5,0.3,8.75289,18.7,88.4,450,106
331,1,2024-06-30,03:35,100,67,6,35,15,29,20,0.60262,130,7.1,91.5,21.7,105.6,4.0,6.98093,15.2,87.9,477,48
332,1,2024-04-10,03:40,56,48,94,63,27,22,21,0.52873,136,9.2,83.0,123.5,33.2,1.3,9.92415,15.2,72.7,460,138
333,1,2023-12-08,03:45,50,87,35,58,38,25,21,0.90097,74,8.9,83.3,45.4,9.9,2.6,7.9255,22.3,81.5,450,23
334,1,2024-05-02,03:50,93,62,100,38,93,25,24,0.99769,123,7.3,96.0,127.8,139.8,5.0,6.92941,24.2,85.3,499,199
335,1,2024-06-14,03:55,63,64,52,7,61,26,24,0.76914,84,5.8,87.5,90.5,149.9,4.3,8.10775,16.0,97.8,488,200
336,1,2024-08-16,04:00,74,53,76,86,43,22,22,0.99504,34,7.0,98.8,31.8,132.5,1.8,8.1508,19.8,95.1,487,107
337,1,2024-10-11,04:05,92,9,70,41,62,25,25,0.87905,65,9.5,94.5,119.7,134.3,0.7,7.8359,15.5,65.7,471,14
338,12,2024-04-04,04:10,51,79,31,91,80,23,25,0.56258,71,8.3,87.9,125.5,113.1,1.4,7.7587,19.6,92.7,479,151
339,1,2024-08-31,04:15,58,43,67,34,77,25,25,0.31953,77,9.2,81.9,105.3,70.7,2.5,7.46561,15.2,67.9,470,177
340,1,2024-03-22,04:20,25,10,19,32,44,22,27,0.50943,54,5.6,92.3,2.1,177.3,0.5,7.48224,22.7,67.3,453,67
341,1,2024-01-17,04:25,89,93,99,21,92,29,22,0.3134,86,9.2,91.7,12.8,47.8,4.1,7.61425,17.6,94.9,451,251
342,1,2024-06-21,04:30,14,88,94,100,92,22,20,0.32631,13,7.9,92.4,78.9,31.0,2.3,9.96326,18.3,65.5,454,119
343,1,2023-12-20,04:35,63,94,73,22,95,21,21,0.15586,94,8.2,95.4,139.2,188.4,0.8,8.95945,20.1,94.2,492,204
344,1,2024-07-09,04:40,48,49,40,73,18,27,30,0.05905,90,5.4,87.4,115.7,52.2,2.6,7.14941,19.7,89.5,493,249
345,1,2024-07-06,04:45,49,19,77,46,33,29,26,0.96201,145,7.2,89.6,48.2,182.7,1.5,8.21766,16.0,85.5,494,117
346,1,2024-10-14,04:50,84,74,8,35,4,30,26,0.7166,17,8.2,94.6,105.0,98.1,4.5,9.25185,21.4,90.8,500,266
347,1,2024-10-11,04:55,89,26,39,94,59,29,24,0.37949,68,9.2,95.6,128.8,130.7,2.0,7.24206,19.7,83.6,475,60
348,1,2024-06-04,05:00,32,75,22,59,1,29,25,0.23727,85,9.1,87.6,39.3,83.4,3.2,9.42799,19.9,95.6,482,172
349,1,2024-01-16,05:05,47,63,51,42,88,28,20,0.47288,85,6.4,89.6,144.5,111.9,0.3,6.35254,20.6,75.8,467,107
350,1,2024-11-02,05:10,90,21,45,75,67,22,21,0.14408,145,5.8,84.1,127.8,110.6,2.1,9.0582,15.5,67.2,455,212
351,1,2024-02-26,05:15,99,75,42,36,28,23,23,0.69119,71,6.4,94.7,102.7,120.8,3.2,8.86171,22.9,86.8,450,283
352,1,2024-08-01,05:20,27,14,49,86,38,26,25,0.7437,150,6.6,82.3,101.4,15.0,1.3,7.05931,21.9,75.1,455,82
353,1,2024-04-15,05:25,100,30,11,25,41,27,22,0.68227,47,7.2,96.2,93.8,149.9,4.9,9.4874,21.2,76.2,489,119
354,1,2023-11-26,05:30,94,44,66,52,10,29,20,0.14023,50,6.7,80.3,81.3,113.1,4.1,6.89933,22.2,79.5,496,132
355,1,2024-06-18,05:35,13,78,7,96,29,22,23,0.32748,140,9.8,93.4,33.5,90.9,2.5,8.97717,24.6,87.8,471,75
356,1,2024-02-29,05:40,80,78,44,18,2,25,20,0.07628,99,5.1,85.5,136.3,34.2,2.0,8.75038,19.9,98.3,490,204
357,1,2024-06-24,05:45,78,5,63,26,50,27,23,0.90167,61,7.8,96.1,82.5,6.6,0.2,7.90442,23.2,84.8,491,31
358,1,2023-12-15,05:50,52,12,26,18,2,30,20,0.1567,29,7.2,88.1,148.8,143.8,2.5,6.38669,21.2,81.9,467,287
359,1,2023-12-14,05:55,86,74,79,53,39,23,20,0.24062,81,7.9,94.4,17.5,123.5,3.4,8.42091,21.0,70.0,494,88
360,1,2024-06-18,06:00,0,31,23,58,7,24,21,0.81147,117,7.2,87.0,148.1,34.7,4.3,9.92084,22.6,62.5,455,295
361,1,2024-07-17,06:05,76,55,86,39,13,27,30,0.12545,124,5.1,94.1,130.4,182.0,2.0,9.01925,15.1,98.4,469,32
362,1,2024-01-10,06:10,15,99,79,68,85,26,24,0.28392,65,7.2,98.3,26.7,110.7,4.1,7.30541,20.7,84.1,460,51
363,1,2023-11-28,06:15,2,27,89,12,68,30,25,0.02052,52,6.6,85.2,147.6,153.1,0.7,9.831,19.7,91.5,473,172
364,1,2024-09-28,06:20,1,18,49,37,80,28,30,0.57996,45,7.7,87.3,34.7,180.6,0.3,8.73507,24.1,63.7,498,13
365,1,2024-08-24,06:25,2,10,26,46,12,27,30,0.59003,65,7.4,93.1,85.1,60.6,3.0,7.49254,23.7,99.6,450,179
366,1,2024-02-26,06:30,30,51,41,54,33,25,21,0.72406,23,8.6,87.2,16.6,193.6,0.8,7.48245,18.5,75.1,470,144
367,1,2023-11-14,06:35,5,16,51,20,16,21,26,0.23875,125,7.3,84.1,81.1,2.5,1.7,7.63085,17.0,84.2,495,55
368,1,2024-11-01,06:40,10,39,37,90,69,24,20,0.32238,130,8.6,94.9,95.5,29.7,4.4,8.14729,18.8,62.2,472,230
369,1,2024-03-27,06:45,99,20,34,18,6,21,22,0.3007,66,9.6,92.0,124.7,149.1,1.3,9.90385,22.8,92.7,471,282
370,1,2024-10-17,06:50,16,26,5,27,79,28,26,0.18267,104,5.0,93.2,9.6,55.5,0.5,7.6956,19.2,61.1,475,10
371,1,2023-12-11,06:55,84,48,25,96,28,26,30,0.41993,125,6.6,96.1,130.2,47.7,3.2,8.1797,16.5,99.8,484,157
372,1,2024-04-22,07:00,9,16,32,12,59,23,29,0.10001,130,9.8,95.5,55.9,145.8,0.3,9.82043,18.3,89.5,473,112
373,1,2024-01-09,07:05,65,51,99,61,2,20,20,0.77813,1,5.7,98.6,11.8,99.5,1.5,9.53133,17.0,79.8,471,118
374,1,2024-10-13,07:10,76,82,12,37,36,30,23,0.9971,76,6.2,97.8,49.8,198.1,0.2,7.59074,20.6,90.1,466,233
375,1,2024-03-10,07:15,10,62,33,11,62,20,20,0.63364,120,9.2,99.0,147.5,93.4,0.9,8.35778,20.5,64.9,461,129
376,1,2024-04-30,07:20,47,19,38,59,85,27,20,0.102,16,6.7,81.8,30.3,132.2,0.2,8.35649,17.2,87.1,477,276
377,1,2024-07-20,07:25,46,1,32,92,20,22,30,0.92449,29,7.3,84.7,79.1,191.8,2.7,8.74052,18.0,64.8,469,289
378,1,2024-02-05,07:30,32,94,10,81,54,25,26,0.53422,79,8.9,84.2,126.7,19.0,2.0,6.24167,20.5,99.5,455,214
379,1,2023-11-26,07:35,96,78,32,6,33,21,28,0.51992,84,6.3,94.0,74.7,142.6,2.3,8.67552,24.6,82.2,497,131
380,1,2024-01-22,07:40,91,42,33,34,44,27,29,0.63149,70,5.9,80.7,45.7,149.2,3.1,8.63182,22.6,73.8,492,77
381,1,2024-07-13,07:45,71,20,84,3,16,22,27,0.76354,77,8.9,93.4,132.6,37.0,2.5,6.09713,21.2,68.7,490,112
382,1,2023-12-30,07:50,58,38,84,31,17,28,29,0.09892,31,8.2,94.0,83.6,29.6,4.6,8.7303,24.5,99.4,491,96
383,1,2024-01-18,07:55,38,53,67,77,25,27,24,0.73685,131,9.1,81.8,18.7,31.5,2.9,9.46589,17.9,74.8,497,154
384,1,2024-10-22,08:00,68,77,45,30,0,23,21,0.05795,43,7.4,84.9,76.0,112.1,1.1,6.56545,24.7,97.1,476,122
385,1,2024-03-05,08:05,90,16,51,66,46,21,23,0.32427,135,5.4,85.8,116.1,18.9,1.2,6.79813,16.1,81.1,459,253
386,1,2024-05-28,08:10,57,90,15,70,78,25,28,0.40193,129,8.6,85.3,121.5,8.1,3.2,9.51114,17.3,90.9,476,32
387,1,2024-10-27,08:15,71,71,40,29,8,23,25,0.70918,41,5.6,83.4,14.3,30.6,4.1,9.91396,19.3,64.6,497,67
388,1,2024-06-22,08:20,45,1,37,29,75,28,22,0.97114,6,8.2,86.3,130.7,97.6,1.0,8.12247,15.1,60.9,462,33
389,1,2024-09-03,08:25,2,75,69,26,76,26,29,0.86924,13,5.6,94.7,89.5,139.0,3.5,6.84099,16.5,88.3,487,108
390,1,2024-01-09,08:30,12,31,62,85,49,30,24,0.56637,94,8.4,92.7,50.3,11.9,3.4,7.06692,17.4,62.4,494,259
391,1,2024-09-27,08:35,2,28,10,15,47,28,25,0.27475,58,8.0,87.4,131.3,118.2,3.6,9.80036,16.9,89.0,450,91
392,1,2024-01-15,08:40,95,24,47,41,27,23,25,0.24476,11,5.7,96.7,145.9,186.4,2.2,7.31982,19.5,73.8,450,286
393,1,2024-08-15,08:45,55,2,63,75,3,27,30,0.72987,118,7.8,97.6,130.9,162.7,1.7,8.76177,19.0,87.2,483,242
394,1,2024-02-25,08:50,30,2,83,16,71,21,23,0.27817,50,6.7,83.5,0.8,173.3,1.9,9.84929,15.7,91.4,497,269
395,1,2024-07-21,08:55,54,88,52,34,21,23,30,0.25672,52,8.0,86.4,29.7,178.8,2.9,8.97676,21.6,81.9,482,43
396,1,2024-06-17,09:00,20,80,66,69,65,23,22,0.38535,136,9.3,95.0,78.5,178.3,3.0,6.92518,23.3,75.7,498,272
397,1,2023-12-25,09:05,80,96,29,99,39,30,26,0.56167,140,9.6,96.2,71.6,145.7,1.8,9.62082,15.1,88.5,484,249
398,1,2024-03-19,09:10,60,33,31,31,19,28,20,0.74706,78,9.9,94.0,124.4,186.8,0.1,6.78855,16.4,99.3,488,215
399,26,2024-08-27,09:15,38,40,29,53,78,25,28,0.98887,18,9.4,83.2,42.8,137.1,3.4,6.85603,18.7,92.3,452,280
400,1,2024-05-02,09:20,39,85,34,19,31,26,24,0.64307,7,9.4,93.6,100.1,117.2,0.7,7.07535,18.5,78.9,479,36
401,1,2024-10-18,09:25,91,7,87,9,0,22,25,0.70027,71,7.6,80.3,139.4,184.8,4.7,7.19899,23.6,91.8,466,44
402,1,2024-04-12,09:30,70,8,74,14,5,26,22,0.49123,103,6.8,80.3,49.8,125.8,3.8,9.47509,24.2,84.4,466,66
403,1,2024-03-10,09:35,91,61,81,76,87,20,23,0.59795,94,9.1,92.5,107.6,167.4,4.4,6.53458,16.6,63.5,472,48
404,1,2024-07-14,09:40,72,10,14,11,46,29,28,0.84021,95,9.8,95.8,50.3,46.4,2.7,8.80113,24.3,76.4,477,263
405,1,2024-08-21,09:45,29,39,61,53,30,21,26,0.74348,133,7.9,94.5,4.6,142.8,0.2,6.8224,21.0,78.2,469,25
406,1,2024-04-14,09:50,96,15,94,86,100,22,28,0.25772,75,8.6,97.9,145.9,95.3,2.9,6.17144,24.8,84.0,456,29
407,1,2024-02-17,09:55,73,38,96,88,19,29,21,0.04727,4,5.4,90.3,134.3,129.5,1.7,8.79983,25.0,87.6,452,122
408,1,2023-11-15,10:00,2,76,80,73,88,25,22,0.95755,129,7.4,98.7,94.6,190.5,2.1,9.82977,24.1,66.3,462,19
409,1,2023-11-06,10:05,18,40,35,95,80,26,23,0.84513,54,7.8,81.6,66.0,184.4,2.6,9.62876,20.1,93.1,484,27
410,1,2024-03-05,10:10,41,39,39,4,61,21,26,0.9339,124,9.9,85.6,11.5,174.8,0.4,7.24859,16.7,63.8,490,93
411,1,2024-08-31,10:15,36,99,57,5,10,26,24,0.94331,102,5.8,88.0,89.9,86.6,1.5,6.0031,21.8,89.2,490,22
412,1,2023-11-12,10:20,0,38,58,84,42,21,28,0.94315,78,6.8,91.0,43.2,102.5,3.8,6.09802,24.5,83.2,485,81
413,1,2024-03-04,10:25,63,32,81,13,62,21,20,0.75444,140,6.9,89.9,133.0,15.1,1.6,6.67409,18.3,63.2,459,292
414,1,2024-06-12,10:30,4,19,89,44,70,26,21,0.52252,118,8.7,91.6,33.9,9.0,4.5,9.76203,21.0,69.0,462,184
415,1,2024-03-16,10:35,31,31,77,35,46,28,29,0.01144,68,5.4,80.2,70.6,58.3,2.4,8.06406,16.2,86.0,495,275
416,1,2024-06-18,10:40,78,52,48,88,83,27,23,0.58897,84,5.4,82.7,108.0,110.7,0.7,8.36715,22.1,64.9,489,81
417,1,2024-03-30,10:45,18,37,31,37,68,27,22,0.9472,51,6.4,90.7,139.9,135.4,3.5,6.50768,22.8,94.1,470,146
418,1,2024-01-01,10:50,28,42,95,41,67,25,21,0.09749,19,6.6,91.0,133.5,108.7,2.7,7.63666,20.6,95.6,482,188
419,1,2024-03-24,10:55,33,52,6,98,71,30,27,0.405,70,6.0,87.4,52.5,12.8,3.9,8.49878,21.7,78.3,481,99
420,1,2024-06-16,11:00,42,99,88,100,60,26,23,0.84947,103,5.3,83.7,15.6,132.2,3.9,9.71366,23.2,85.1,473,40
421,27,2024-06-15,11:05,32,31,40,88,42,21,23,0.96014,73,9.6,94.0,36.5,107.2,0.2,6.34328,16.8,62.9,499,240
422,1,2024-08-18,11:10,49,89,53,9,46,21,28,0.29002,115,9.1,83.6,45.9,180.1,0.6,8.96503,16.1,93.9,491,277
423,1,2024-07-14,11:15,53,38,94,52,18,26,29,0.12155,61,8.8,86.9,37.6,86.6,3.2,8.30836,17.7,86.3,485,269
424,1,2024-06-08,11:20,100,88,50,69,66,22,20,0.32375,149,9.2,86.8,25.9,166.2,1.0,6.82205,22.6,72.0,480,118
425,1,2024-03-22,11:25,69,73,88,16,46,25,22,0.95432,131,9.0,84.1,81.0,189.0,1.1,8.19646,19.3,78.2,492,291
426,1,2024-05-19,11:30,24,63,29,62,56,22,24,0.4719,56,5.9,89.3,50.6,84.3,2.8,7.50525,19.5,73.2,471,262
427,1,2024-04-28,11:35,63,95,78,93,63,27,20,0.3761,114,8.4,89.4,104.5,11.4,2.3,8.93163,24.7,93.0,464,185
428,1,2024-01-28,11:40,43,37,57,85,98,24,23,0.91704,43,5.8,88.6,107.1,74.4,0.5,8.97352,20.5,78.5,494,109
429,1,2024-06-21,11:45,78,70,7,92,31,27,26,0.23724,44,8.6,88.9,37.5,98.7,0.6,8.14668,20.0,68.6,471,73
430,1,2024-06-07,11:50,14,60,84,57,70,24,25,0.16315,138,8.2,87.2,138.7,1.9,1.5,8.65071,23.6,74.5,497,229
431,1,2023-11-23,11:55,42,7,25,84,31,20,22,0.59745,105,6.6,88.6,99.4,119.7,0.5,7.04294,16.4,73.3,452,172
432,1,2024-02-29,12:00,44,89,51,45,45,25,20,0.94599,58,7.6,85.7,92.2,137.9,0.9,9.84028,16.2,91.6,489,282
433,1,2024-09-23,12:05,23,56,11,23,87,23,21,0.95219,62,9.5,94.6,92.4,135.7,3.7,7.43159,20.3,86.0,480,152
434,1,2024-11-01,12:10,19,21,83,36,35,20,23,0.85353,96,9.5,83.5,55.6,69.4,1.1,6.87225,15.1,73.8,462,198
435,1,2024-05-31,12:15,72,65,39,95,73,25,26,0.19159,8,5.2,98.3,54.5,160.1,3.1,9.59599,23.6,97.6,461,213
436,1,2024-07-13,12:20,11,10,33,78,92,21,29,0.33845,58,9.5,81.5,144.0,156.9,2.4,9.1594,15.7,85.5,453,73
437,1,2024-10-23,12:25,44,62,64,74,8,30,22,0.54552,89,5.0,94.7,84.3,135.3,3.0,8.84156,18.3,73.1,487,45
438,1,2023-12-21,12:30,70,31,83,62,13,23,29,0.26701,88,9.5,96.8,88.2,127.2,1.4,8.05615,18.8,73.8,476,125
439,1,2024-05-02,12:35,84,55,28,52,5,23,28,0.19005,79,8.1,83.9,40.5,17.8,3.0,6.11681,17.5,86.3,474,269
440,1,2024-04-14,12:40,68,67,3,20,84,27,22,0.72697,68,7.7,91.9,141.9,174.8,1.3,7.96135,23.8,91.6,498,148
441,1,2024-02-27,12:45,91,79,100,10,89,22,22,0.51957,105,6.1,95.7,101.6,139.4,2.4,6.37586,19.6,67.3,461,250
442,1,2024-04-26,12:50,41,21,10,74,97,26,22,0.549,40,6.1,84.2,51.4,180.4,2.6,7.26431,18.9,61.1,459,137
443,1,2024-04-12,12:55,7,89,66,2,46,20,26,0.98656,61,9.4,92.5,131.9,58.9,0.6,9.54607,24.7,73.5,455,108
444,1,2024-07-09,13:00,96,15,48,11,94,28,24,0.6952,41,6.5,81.2,37.1,185.9,0.5,9.77107,22.3,68.9,458,254
445,1,2024-04-13,13:05,38,2,64,9,53,28,23,0.21151,14,6.8,86.1,47.9,154.1,1.0,9.03291,16.0,83.8,487,176
446,1,2024-01-06,13:10,68,73,18,24,79,22,23,0.70278,103,6.2,90.2,102.6,76.8,1.4,6.18118,15.6,69.7,493,274
447,1,2024-01-11,13:15,82,97,57,44,70,21,22,0.70253,22,9.7,95.2,134.7,110.6,3.3,6.35417,23.8,96.8,456,66
448,1,2023-12-03,13:20,17,62,8,74,2,22,27,0.99814,130,9.1,91.5,4.6,72.5,0.2,8.12186,17.0,61.1,499,200
449,1,2024-05-24,13:25,21,22,10,16,23,28,21,0.40059,141,10.0,89.7,23.5,173.3,1.6,8.95159,21.6,87.7,484,43
450,1,2024-07-24,13:30,5,96,6,96,37,29,30,0.81752,41,9.7,83.1,97.1,84.0,0.3,9.71528,21.2,94.5,500,93
451,1,2024-05-09,13:35,59,62,77,1,28,20,27,0.24015,14,7.1,80.5,69.3,135.1,2.3,6.42081,21.5,93.4,456,229
452,1,2024-09-03,13:40,81,100,28,7,75,20,22,0.34447,74,5.8,87.9,88.6,116.5,0.3,6.70794,22.3,87.2,478,164
453,1,2024-01-12,13:45,20,23,64,97,26,20,22,0.22493,43,8.5,92.2,25.2,114.0,3.9,7.79813,22.5,64.5,485,61
454,1,2024-05-20,13:50,82,10,87,74,62,21,21,0.92424,32,7.6,91.0,60.3,82.3,0.3,6.90493,24.1,87.4,457,156
455,1,2024-08-12,13:55,27,2,23,73,5,27,30,0.87226,1,6.9,91.9,37.3,67.4,0.7,7.25384,22.9,77.1,481,27
456,1,2024-09-11,14:00,99,57,7,58,87,26,23,0.17812,92,6.4,95.0,38.0,163.9,3.5,9.93579,22.3,75.4,457,288
457,1,2024-05-25,14:05,72,54,62,19,88,22,26,0.38187,15,8.6,84.7,59.6,84.7,2.8,7.43993,19.8,72.2,490,169
458,1,2024-04-22,14:10,99,57,44,17,69,23,20,0.09951,7,8.4,89.5,122.2,84.4,0.1,7.98419,16.3,93.9,459,121
459,1,2024-07-01,14:15,69,51,89,11,7,24,28,0.62908,63,9.5,84.5,59.8,15.6,1.5,7.14995,21.7,94.6,492,18
460,1,2024-03-26,14:20,76,66,67,74,8,27,23,0.24512,98,8.1,90.0,76.5,106.5,4.8,8.81555,23.1,91.0,456,153
461,1,2024-03-11,14:25,78,73,83,89,35,24,30,0.67083,11,6.7,83.6,70.1,26.4,0.6,9.01733,16.4,73.4,499,71
462,1,2024-04-22,14:30,27,90,25,25,54,28,22,0.9444,146,6.3,84.9,129.5,8.4,1.9,8.353,22.3,79.1,459,8
463,1,2024-03-23,14:35,37,0,46,13,70,21,26,0.35944,76,7.4,95.5,107.2,21.7,1.5,9.07668,22.1,71.3,468,75
464,1,2024-09-12,14:40,23,67,41,31,57,26,23,0.37138,121,5.1,99.0,37.7,14.3,0.4,9.87723,15.6,69.4,500,224
465,1,2024-10-15,14:45,58,24,71,74,69,30,21,0.69723,44,7.2,89.6,143.6,56.4,3.0,6.85819,19.1,70.9,458,274
466,1,2024-03-24,14:50,43,31,96,19,42,23,23,0.42928,127,5.6,94.5,27.3,13.7,3.9,9.61734,19.5,74.8,491,73
467,1,2024-09-05,14:55,38,47,88,68,1,20,24,0.57913,81,6.2,90.7,130.7,78.1,0.8,9.08501,19.0,76.7,491,7
468,1,2023-12-17,15:00,19,82,74,39,41,25,22,0.21887,114,8.5,80.4,74.3,190.6,0.2,8.25429,19.2,91.1,462,111
469,1,2024-01-08,15:05,31,3,99,73,81,26,25,0.09469,110,7.8,93.0,144.1,155.2,3.8,6.68261,16.7,69.6,463,149
470,1,2024-09-18,15:10,91,61,18,70,65,20,30,0.19875,100,9.0,94.5,15.6,106.5,3.9,6.32155,24.7,79.9,456,131
471,1,2024-08-22,15:15,98,77,45,72,80,29,24,0.69519,125,8.2,88.2,113.4,117.3,2.8,8.69084,15.4,78.9,500,178
472,1,2024-03-04,15:20,89,63,92,94,41,30,22,0.04409,9,9.3,83.7,15.6,35.2,3.4,7.08575,24.6,84.4,472,167
473,1,2023-12-29,15:25,4,48,34,82,27,23,21,0.77418,18,8.1,80.6,139.9,178.8,0.0,8.39787,21.0,66.6,461,116
474,1,2024-01-17,15:30,24,10,16,8,57,29,30,0.28731,138,7.9,83.1,62.5,26.7,4.7,7.04866,24.7,98.2,498,90
475,1,2024-06-25,15:35,5,2,49,19,91,30,29,0.90808,128,8.9,84.3,123.7,106.1,2.6,8.788,20.0,83.7,455,295
476,1,2023-11-17,15:40,9,68,42,57,68,30,23,0.97117,150,8.7,81.3,95.3,14.2,4.0,9.83053,18.1,87.8,491,132
477,1,2023-11-11,15:45,82,77,68,37,96,28,24,0.72613,18,6.3,84.7,68.2,147.4,0.8,6.25809,16.9,64.4,487,74
478,1,2024-05-13,15:50,95,62,5,72,83,21,29,0.97817,105,9.3,88.9,9.3,133.2,0.9,6.96392,16.1,64.3,479,284
479,1,2024-06-09,15:55,62,75,44,100,5,23,20,0.84909,120,8.9,94.8,131.1,32.7,1.1,7.49341,23.4,89.3,456,113
480,1,2024-09-09,16:00,48,83,89,23,67,30,23,0.75281,129,8.8,91.8,42.9,126.0,0.0,8.69469,20.8,64.2,470,1
481,1,2023-12-27,16:05,50,97,75,45,17,21,27,0.89189,98,9.4,81.2,81.1,59.8,4.9,9.76479,17.0,61.8,450,187
482,1,2024-10-19,16:10,89,48,5,49,28,23,30,0.0949,145,9.9,85.9,39.6,79.3,3.6,9.14184,15.0,82.8,474,128
483,1,2024-06-28,16:15,66,78,65,88,65,25,30,0.19498,10,8.0,91.1,148.5,149.8,4.0,7.23084,23.3,93.1,498,246
484,1,2024-04-17,16:20,42,47,62,19,1,26,25,0.33624,57,6.4,98.9,2.1,62.7,3.3,8.8048,21.9,92.1,474,190
485,1,2024-07-05,16:25,52,27,28,93,76,26,28,0.91029,74,6.1,98.2,129.7,59.8,0.5,7.96626,23.0,77.8,484,100
486,1,2024-10-24,16:30,55,37,8,50,98,28,20,0.33728,27,7.8,86.9,135.3,9.8,3.3,6.77626,21.0,91.7,461,203
487,1,2023-11-29,16:35,44,34,27,69,11,21,22,0.49038,104,6.8,94.5,65.3,79.6,0.6,8.3845,15.8,77.6,478,273
488,1,2024-02-28,16:40,34,97,17,48,54,24,23,0.23604,141,8.4,82.0,57.7,38.1,1.4,8.25759,16.9,79.2,497,49
489,1,2024-10-06,16:45,27,99,20,98,13,27,26,0.79182,41,9.3,89.3,33.8,65.2,3.1,7.64923,23.7,65.0,482,296
490,1,2024-06-28,16:50,4,73,61,1,59,20,27,0.69565,119,7.6,95.1,36.5,150.0,4.3,8.02844,23.8,98.8,497,161
491,1,2024-01-23,16:55,43,34,14,40,53,30,20,0.95639,95,9.9,97.2,43.7,76.6,2.5,8.07927,19.3,92.8,499,248
492,1,2024-02-23,17:00,72,48,92,47,73,20,20,0.81546,149,9.6,93.0,26.3,153.7,3.8,6.59355,21.0,70.8,490,265
493,1,2024-04-09,17:05,9,31,60,82,71,25,30,0.16326,141,6.2,88.0,107.2,53.8,4.9,8.32343,18.9,88.4,499,44
494,1,2023-11-10,17:10,52,35,76,90,48,28,29,0.71984,61,9.6,96.3,93.7,105.2,3.4,6.4751,24.3,64.4,500,74
495,1,2024-03-02,17:15,29,93,87,20,55,23,21,0.50881,115,8.5,94.2,141.2,123.2,3.5,8.28803,17.9,78.7,499,144
496,1,2024-06-20,17:20,33,88,36,71,85,28,27,0.15404,86,9.1,89.7,72.9,114.2,4.4,6.54098,17.0,62.6,469,174
497,1,2024-08-03,17:25,34,48,70,48,56,23,29,0.62663,142,8.0,90.4,145.5,127.9,0.7,9.20614,16.5,90.9,478,96
498,1,2024-09-03,17:30,45,73,17,62,81,21,24,0.09486,45,7.7,95.8,14.7,3.2,0.9,8.5863,17.4,77.2,483,104
499,1,2024-09-23,17:35,18,65,83,86,23,24,27,0.46183,89,9.6,86.8,89.2,30.7,1.6,7.87536,21.5,60.8,457,298
500,1,2024-07-15,17:40,53,48,65,57,16,30,20,0.82622,138,9.9,91.9,89.4,188.1,3.9,9.64608,23.1,60.4,472,262
501,1,2024-11-02,17:45,37,47,93,99,34,23,22,0.43831,129,8.6,92.2,36.5,96.4,2.4,6.02866,15.6,63.1,475,177
502,5,2024-11-01,17:50,10,30,34,95,47,20,30,0.46571,77,8.4,97.4,132.5,87.7,1.2,9.9038,21.9,78.9,499,246
503,1,2024-10-31,17:55,28,71,96,98,60,28,24,0.93978,20,6.9,90.6,145.3,9.6,4.5,9.13396,17.3,82.0,451,173
504,1,2024-10-30,18:00,73,20,7,72,57,20,20,0.62374,150,6.7,89.0,5.1,168.7,3.6,8.67224,23.6,70.6,492,175
505,1,2024-11-02,18:05,54,10,68,25,20,24,20,0.65582,15,5.2,87.9,45.7,134.1,3.9,7.20089,23.7,77.2,490,194
506,1,2024-10-30,18:10,87,93,18,83,68,20,25,0.19678,40,9.1,90.5,23.3,101.3,0.8,7.26124,17.2,61.3,459,40
507,1,2024-10-28,18:15,26,48,6,95,72,28,30,0.64262,31,8.2,84.7,45.6,94.7,2.0,6.21281,21.6,72.5,460,77
508,1,2024-10-29,18:20,39,96,48,58,46,27,21,0.54402,102,8.0,80.9,145.7,152.2,4.5,8.46708,16.0,86.7,482,244
509,1,2024-10-31,18:25,32,9,78,1,76,30,26,0.32421,31,8.6,96.6,69.2,134.2,4.2,8.47383,16.6,64.6,473,104
510,1,2024-10-30,18:30,71,33,79,63,84,30,28,0.99761,100,7.3,98.7,144.8,48.7,2.6,6.58321,16.0,67.3,477,274
511,1,2024-11-01,18:35,17,19,79,32,83,30,26,0.60002,133,5.7,86.9,132.6,15.9,4.7,8.25344,16.7,65.6,456,13
512,1,2024-11-02,18:40,32,28,23,11,36,21,21,0.47674,74,5.7,89.4,100.8,58.3,2.1,7.08185,24.0,85.0,470,88
513,1,2024-11-03,18:45,45,4,49,13,99,29,30,0.95919,63,7.1,88.1,88.1,84.3,3.2,8.58672,15.4,89.9,457,219
514,15,2024-10-30,18:50,19,85,54,48,50,29,26,0.14737,17,9.3,93.4,111.9,38.5,4.0,7.18175,19.5,84.5,459,20
515,1,2024-10-31,18:55,62,48,96,1,89,22,20,0.05967,146,6.9,84.8,47.3,75.4,2.0,6.57706,15.8,92.6,457,59
516,1,2024-10-31,19:00,61,0,57,4,28,25,23,0.54854,81,7.7,92.3,109.8,193.9,2.9,8.90032,20.7,70.8,451,256
517,1,2024-10-27,19:05,63,95,66,90,17,23,21,0.88317,51,7.1,83.5,52.1,175.9,3.1,8.98453,21.4,61.0,451,44
518,1,2024-11-02,19:10,88,92,19,63,30,22,29,0.57122,123,8.9,93.5,134.6,193.8,3.2,8.42005,21.1,97.9,482,247
519,1,2024-10-31,19:15,30,49,13,21,30,21,26,0.40217,27,9.2,88.9,65.9,47.1,3.3,6.0265,17.6,86.1,499,156
520,1,2024-10-27,19:20,48,21,43,5,12,22,20,0.65214,99,9.3,96.6,12.3,104.4,0.0,8.88036,23.6,82.8,474,280
521,1,2024-10-28,19:25,94,41,21,22,43,23,27,0.96325,91,8.5,82.0,95.1,200.0,2.0,9.90039,19.7,82.6,481,182
522,1,2024-10-29,19:30,78,34,57,35,95,27,21,0.22515,108,8.5,89.4,18.5,121.6,1.1,6.75069,17.1,92.8,467,159
523,1,2024-10-30,19:35,69,60,59,53,6,28,25,0.74127,37,7.8,94.7,102.7,129.6,3.4,8.73588,23.7,96.3,499,37
524,1,2024-11-02,19:40,83,19,80,18,44,23,20,0.54669,81,5.5,97.2,62.4,149.2,4.9,6.35975,22.4,78.3,464,283
525,1,2024-10-30,19:45,14,12,89,47,10,22,25,0.05967,145,7.7,96.0,27.9,150.9,3.7,6.80644,20.1,95.6,490,288
526,1,2024-10-28,19:50,84,83,77,65,24,25,26,0.24415,88,7.3,85.3,137.1,132.0,3.9,6.11852,22.1,99.0,476,76
527,1,2024-10-29,19:55,8,38,11,62,31,23,26,0.50443,82,5.5,87.9,1.6,107.1,0.3,8.93646,25.0,61.8,463,73
528,1,2024-10-29,20:00,35,19,42,55,69,28,20,0.24135,50,6.9,83.0,20.9,140.0,3.6,6.08021,19.3,96.5,494,15
529,1,2024-10-30,20:05,75,82,63,72,61,25,23,0.31948,93,6.6,86.6,80.8,89.2,4.0,8.8611,15.5,92.5,467,114
530,1,2024-10-27,20:10,72,2,45,60,10,21,27,0.60586,30,5.2,90.2,26.6,39.8,3.4,9.98472,22.2,62.8,455,228
531,1,2024-10-29,20:15,15,100,8,62,17,21,20,0.41959,100,7.6,84.1,96.6,141.5,4.5,7.92545,21.2,75.0,473,123
532,1,2024-10-31,20:20,13,50,83,16,43,23,23,0.68467,74,7.0,82.4,42.3,2.1,3.8,9.4177,17.7,98.0,500,265
533,1,2024-10-28,20:25,17,93,37,56,33,25,25,0.96663,146,9.1,89.9,4.9,118.6,1.5,7.91789,17.3,72.1,464,60
534,1,2024-10-29,20:30,60,51,13,85,33,20,21,0.01851,46,8.4,83.7,141.7,50.0,4.5,7.95493,23.6,65.5,479,295
535,1,2024-10-31,20:35,37,92,91,89,96,21,23,0.72249,29,6.3,83.0,61.6,39.0,0.2,7.63966,16.6,71.7,474,275
536,15,2024-10-31,20:40,20,39,10,75,41,21,30,0.3162,95,5.9,84.8,97.4,29.7,1.0,6.62661,21.3,82.5,468,287
537,1,2024-10-31,20:45,0,99,24,18,39,27,23,0.39182,76,5.8,97.8,69.5,167.1,0.8,6.02875,21.6,79.5,458,198
538,1,2024-10-29,20:50,43,2,80,87,14,21,29,0.99307,104,7.1,95.5,32.5,40.7,4.1,6.89579,19.1,92.0,498,285
539,1,2024-11-03,20:55,40,20,89,85,62,30,29,0.69846,115,5.5,87.0,147.1,140.9,2.6,9.97525,18.0,60.0,485,108
540,1,2024-11-03,21:00,17,84,97,58,100,29,21,0.63944,119,6.1,87.1,33.7,190.6,2.2,9.74895,17.8,96.5,459,284
541,1,2024-10-28,21:05,2,66,30,91,16,21,25,0.99062,99,9.7,93.0,144.3,108.7,1.4,7.85691,24.1,95.9,455,259
542,10,2024-10-27,21:10,51,52,85,47,15,23,30,0.0715,123,7.4,96.3,102.4,26.7,2.3,7.5997,20.0,69.3,466,44
543,1,2024-10-30,21:15,81,97,1,15,86,20,21,0.53634,15,6.2,81.4,40.4,161.9,3.0,7.53105,19.8,65.4,497,171
544,1,2024-10-30,21:20,5,88,90,9,86,25,29,0.0667,27,9.7,96.9,21.7,192.7,4.4,9.80103,23.0,88.7,463,116
545,30,2024-10-30,21:25,46,44,60,42,100,28,20,0.80582,101,5.5,86.1,82.7,14.5,4.2,7.41813,23.3,83.0,452,175
546,5,2024-11-02,21:30,25,96,7,70,65,25,28,0.23844,146,9.6,96.2,46.0,173.4,1.2,6.17265,23.3,64.0,468,51
547,1,2024-11-01,21:35,19,89,87,77,89,21,23,0.7667,29,6.6,87.3,44.3,78.3,0.6,9.68369,15.5,70.7,496,95
548,1,2024-10-30,21:40,80,67,54,43,92,27,23,0.05808,76,8.8,87.0,110.7,27.1,4.2,9.50142,16.2,63.2,471,130
549,1,2024-10-31,21:45,73,17,8,41,40,24,29,0.20309,145,9.1,85.5,85.7,19.6,1.9,9.6986,19.6,79.8,478,241
550,1,2024-10-31,21:50,67,58,10,87,82,23,29,0.51737,90,7.7,85.5,30.4,92.4,3.6,6.59037,18.1,73.9,458,20
551,1,2024-11-02,21:55,83,68,40,34,10,28,30,0.38922,80,8.6,98.8,96.9,52.4,0.0,8.05377,24.2,76.1,468,106
552,1,2024-10-31,22:00,48,32,53,37,66,23,21,0.55031,119,7.5,95.3,79.0,180.4,0.1,8.97941,24.4,97.0,473,239
553,1,2024-10-28,22:05,38,21,93,60,77,28,27,0.30004,148,6.5,94.8,128.8,83.3,0.4,9.87093,20.2,69.1,490,59
554,7,2024-10-31,22:10,82,48,80,13,72,30,25,0.9776,96,9.9,96.7,112.2,103.7,3.6,6.48088,22.2,68.2,460,49
555,1,2024-10-31,22:15,1,83,76,26,44,20,29,0.57632,95,9.8,89.6,1.2,20.4,1.0,8.53034,17.8,86.7,454,197
556,1,2024-10-29,22:20,29,73,27,81,73,26,28,0.38235,67,9.9,87.1,117.7,91.0,4.2,7.48119,18.9,65.1,481,135
557,1,2024-10-31,22:25,49,3,9,54,14,30,29,0.76931,135,9.3,86.6,106.1,137.8,0.1,7.61679,18.6,70.6,472,129
558,1,2024-10-31,22:30,51,75,23,2,21,28,23,0.07431,123,8.5,81.5,26.3,182.8,3.8,9.55981,17.9,96.5,482,68
559,1,2024-11-03,22:35,11,28,22,73,49,26,23,0.22489,30,9.3,90.0,96.0,42.7,2.0,6.3906,16.8,95.7,476,145
560,1,2024-11-03,22:40,89,5,18,86,73,22,25,0.06536,43,7.3,85.9,51.7,190.8,0.5,9.25971,17.2,99.8,481,38
561,1,2024-10-28,22:45,36,31,84,67,74,30,23,0.03877,78,9.7,81.4,67.5,162.5,2.9,9.12354,16.8,96.6,481,123
562,1,2024-11-03,22:50,100,24,58,34,55,21,27,0.69475,58,9.3,96.2,90.8,196.2,1.3,7.16898,24.2,60.6,500,29
563,1,2024-11-01,22:55,47,70,59,38,26,29,20,0.6134,148,5.2,88.9,143.2,17.0,3.6,7.07876,19.7,73.8,472,278
564,1,2024-10-31,23:00,3,33,73,21,72,23,23,0.27063,100,9.3,84.5,130.1,61.7,3.3,6.10392,15.2,61.2,497,54
565,1,2024-10-27,23:05,87,74,40,14,14,24,24,0.35413,61,9.4,91.2,120.4,98.6,0.3,6.7975,19.4,78.9,452,170
566,1,2024-11-03,23:10,5,23,13,75,24,30,28,0.09149,85,7.2,91.4,33.3,130.7,2.0,9.81279,17.3,71.3,479,139
567,1,2024-10-27,23:15,57,82,94,59,73,28,30,0.9964,56,7.8,96.0,93.3,89.0,0.8,6.98868,18.2,78.8,478,217
568,1,2024-10-28,23:20,90,53,21,59,45,24,29,0.04801,65,9.0,94.8,31.0,50.7,2.8,6.59143,19.3,70.5,474,37
569,1,2024-10-28,23:25,54,99,34,59,97,22,22,0.3538,39,8.0,97.8,7.1,117.4,3.1,6.7013,20.4,70.4,452,258
570,1,2024-11-01,23:30,43,79,98,91,88,25,26,0.69853,104,6.8,98.7,8.5,174.8,4.1,7.10249,23.4,71.0,455,32
571,1,2024-10-30,23:35,53,18,6,72,37,22,23,0.79578,120,7.3,93.0,74.1,1.8,3.5,7.05801,16.0,90.1,452,100
572,1,2024-10-31,23:40,13,92,5,20,37,20,23,0.70916,31,5.6,80.5,142.2,153.9,2.1,6.66577,24.3,98.8,480,157
573,1,2024-10-31,23:45,11,92,91,97,95,24,29,0.33459,146,8.2,90.0,73.8,25.9,1.8,6.69845,23.2,84.8,453,191
574,1,2024-10-28,23:50,4,17,91,23,19,29,21,0.35982,78,9.9,88.8,80.4,0.5,2.9,7.86934,17.7,66.9,474,114
575,1,2024-10-31,23:55,93,93,37,7,12,22,28,0.15168,115,8.5,84.5,87.8,152.3,2.6,7.67656,24.1,66.1,483,143
576,1,2024-10-29,00:00,89,50,68,21,10,26,25,0.48955,1,5.8,81.2,40.3,110.3,3.4,9.79044,20.6,91.1,467,10
577,1,2024-10-29,00:05,63,1,43,1,40,23,26,0.17467,105,7.2,97.6,22.1,55.4,1.3,8.74978,23.4,65.0,484,160
578,1,2024-10-27,00:10,0,32,33,10,78,27,27,0.35784,50,5.6,88.6,124.8,113.4,4.0,8.37952,16.5,70.7,491,115
579,1,2024-10-27,00:15,89,100,98,67,98,24,26,0.40024,105,7.5,83.9,35.6,110.7,4.3,7.5319,18.7,67.9,455,142
580,1,2024-10-30,00:20,16,87,14,97,27,20,22,0.96769,112,7.0,86.4,109.3,192.1,3.4,6.24485,24.7,66.9,499,248
581,1,2024-10-31,00:25,53,63,63,21,99,28,22,0.68216,113,9.8,96.7,51.1,137.3,3.5,8.72622,24.3,65.6,478,29
582,1,2024-10-29,00:30,35,44,99,29,33,21,24,0.51021,25,9.4,93.9,79.3,54.2,2.7,8.30738,22.5,78.2,484,155
583,1,2024-10-29,00:35,10,22,62,6,26,24,30,0.41839,30,6.4,81.6,98.2,88.8,4.2,7.82656,20.4,84.3,489,145
584,1,2024-11-02,00:40,100,16,42,50,11,21,30,0.22151,88,6.8,91.9,76.6,142.0,1.8,8.41077,15.8,60.2,456,201
585,1,2024-10-27,00:45,81,86,80,69,84,21,29,0.40214,24,8.1,80.2,73.2,120.3,3.7,7.31014,17.2,72.7,461,182
586,1,2024-10-27,00:50,30,33,50,72,5,20,29,0.94518,110,7.3,96.0,113.0,42.0,0.6,7.91469,22.5,75.3,482,138
587,1,2024-11-02,00:55,77,38,39,94,98,28,20,0.69202,12,9.2,95.9,128.4,198.9,4.6,6.2849,20.5,76.7,452,300
588,1,2024-11-03,01:00,97,27,95,19,2,23,29,0.27487,143,9.7,94.7,41.2,150.5,1.9,8.85665,15.4,82.2,452,223
589,1,2024-10-31,01:05,62,93,24,42,39,25,20,0.15055,2,6.0,89.0,72.7,23.8,0.9,6.59697,18.8,72.0,466,138
590,1,2024-11-02,01:10,93,30,61,21,38,20,30,0.52601,43,7.6,91.3,101.4,96.3,0.4,6.1081,16.8,94.3,478,252
591,1,2024-10-27,01:15,42,23,71,57,68,21,25,0.78376,51,8.8,86.7,76.9,70.7,0.3,6.99429,22.4,89.1,487,168
592,1,2024-11-02,01:20,10,67,4,68,78,30,30,0.35269,127,5.7,94.4,77.9,170.1,1.5,8.63678,20.3,87.0,473,66
593,1,2024-10-30,01:25,96,17,31,72,29,22,20,0.64541,147,5.5,92.0,133.8,141.7,0.8,9.43032,21.7,84.4,454,92
594,1,2024-10-28,01:30,89,3,85,13,95,21,30,0.70455,78,5.9,82.3,4.0,37.1,0.0,8.60991,17.4,83.5,478,56
595,1,2024-11-02,01:35,99,57,42,43,71,23,23,0.21802,63,5.1,80.2,51.1,160.6,0.9,9.54921,23.7,60.6,462,55
596,1,2024-10-28,01:40,3,23,98,83,96,30,29,0.70504,146,5.3,86.4,64.2,99.9,1.6,9.21811,18.0,86.1,454,300
597,1,2024-10-31,01:45,92,100,68,59,37,27,23,0.94304,64,7.0,92.2,11.9,66.6,2.7,6.70955,20.0,85.1,464,42
598,1,2024-11-02,01:50,59,4,93,33,47,29,30,0.08653,49,9.4,88.4,136.6,165.3,1.3,9.31625,18.3,94.2,490,258
599,1,2024-10-31,01:55,35,87,32,61,93,29,26,0.43367,76,7.5,93.3,36.8,76.3,0.3,6.8731,20.6,80.0,496,55
600,1,2024-10-28,02:00,55,2,66,37,31,26,20,0.80333,87,9.6,95.5,117.5,122.6,4.0,9.31076,21.4,64.3,464,28
